Title,Year,Languages,Rating
@h@)!LRvwietJNaiKMp@otDjPA%RYkAhM80nd&Vs,1904,[Welsh;French;Japanese],8
F1B2mMG!c0xX^JNsrG9T@4(Nhy^$4&RcK@KD9#x*LX2&G,1965,[Japanese;Hindi;Welsh],5.9
qdn%4SEGHU,1990,[Turkish;Polish;Hindi;English],6.3
#dZtj7,1911,[Swahili],2.2
fHXOw#KFsN%aIDIsYVJpZhk0QgayJ3Ka4aUxN6BpMSN,1921,[Korean;Arabic;Chinese - S],10
ezgWsLN2GQ$z9a#,2020,[Russian],8.5
Outv(@*2XCNJ%d*h3ryodr(fs$qdmrPiOAW,1976,[Polish;Japanese;Chinese - S],7.9
EawzA$B0oO9BdomKp^6gBdTTN7dseW13KHsB*q2i&uvQAJcSmz,1958,[Chinese - S;Spanish],6
ZjI#q)3^!XV$0*eCH7RMvtLuAhsrN70K0X4&tL,1943,[English],2.4
YE3L6nAHj7fI!lkZgyk@^,1973,[Japanese;Welsh;Spanish;French;Dutch],6.1
mriiCQx&7kkDGEMakYlIQs!m$YxtWhqsvl,2003,[Hindi;Dutch;Czech;Turkish;Polish],10
6qhd31vehHanTF6NVQX9(wN7yW(b6uoxtdxJ&arDO*tq,1941,[German;Japanese;Czech;Spanish;Swahili],4.8
!uqkA8wMOQTgULqUEaNqh$VSGuv5!AFP^npXhwo7xDYqsjWm,2005,[Russian;Turkish],9.2
#IWU(XbL7Ny#%0q@DBudv7NRHicD3M,2009,[Arabic;Japanese;Spanish;Turkish;German],3.9
35$fj3zR0*ljIyBv,1934,[Japanese;French;Chinese - S],5.7
89QR@#rjMMFFxPRIF@bSO4iL*A1cupv6W,1909,[Czech],9
N,1928,[Dutch;English;Hindi;Welsh;Czech],7.1
XOleDenMNpwtLyDjpMN6HHoSsfPdHAX)ITlo7qY^pY1W,1909,[French;Chinese - T],6.5
cAPPZ0XpTT%J7)fRldTh,1923,[Arabic;French;Korean],5.8
BRBG3*Geomc@8SOwj#1r@PAMxrJwU*&aQ,1978,[Welsh;Hindi;Arabic],2
$3@,2019,[Chinese - S],9.9
iITP%)EmDiP@JA#MyTI6Td4Q%jEdZ7tuUS5$xg$V,1936,[Chinese - T;Turkish;Welsh;Korean],10
7Gpo9cao(iolNahj,1942,[Japanese;Polish;Swahili],4.9
W(PbhwAua3kU5O,2011,[Looooooooooooooooong;Arabic;Swahili;Turkish;French],7.5
pQWAXVttjTfkdO1Z(9ETNzQ97T%%,1975,[Russian;Czech],2.5
jPmntTWbBDLAShMO#FMgSjiRVaqwyt,1958,[Russian],6
(Dk@z$y28RU&)vcfr1HYG8UmZ(vXEMTBg2,1984,[Dutch;Welsh;Hindi;Spanish;Polish],2.3
yuo7E7TKI#5XMFl&4Fb9Ozk!dpN%3ke(rPcBsBoG1fN3tD&Hg),1941,[Czech;German;Dutch;Swahili],9.5
J2$pSGdrZC*c&K,1954,[Chinese - T;Spanish],4.3
)jaiIR3a2eXfL!PXLbmlB,1990,[Hindi],4.6
6Vb*MSO%GhWqx#l^dlDK4,1946,[Looooooooooooooooong;Welsh;Chinese - T],9.1
1kAxdqZjKqj1TAX,1985,[Hindi;Dutch],8.3
bdWl6nra(Jnk66,1904,[English;Arabic;Welsh;Japanese;Looooooooooooooooong],6.7
mEU1OI6uRLaVG$lIgpcmv&iNH(s*#KeYZI^SrXB,1928,[Spanish;Chinese - S;Korean;Swahili],9
zzlz8sFt*bXB,1976,[Polish;Looooooooooooooooong],2.6
#^acGIWEZApA*pWILMiz0vFXTGs6iuqGKBYh2t,1916,[German;Korean;French;Chinese - T],8.8
cWCR26JS@XK0E,1941,[Turkish;Spanish;Polish;Russian;German],1.4
EM5Ke8ssv4tzyWXOF#vVPT$ZLa,1992,[Polish;Chinese - T;Russian;Dutch;Korean],9
On(S!@DkQlWTJ^PLk%e3sHMj5,1936,[French;Looooooooooooooooong],6.2
sFyS%wS@kFR,1993,[German;Arabic;Russian;Dutch],10
v$VA726XJyyNSZS$WRaZbc,1986,[Turkish],5.4
4RC5SNujv&@u&mzIl8CelJ,1981,[Hindi;Spanish;Welsh;Chinese - T;German],4.3
TCjG2U,1942,[English;Polish;Hindi;Russian],7.3
recUJ,1964,[Russian],2.9
bybH%SkN&0)382P5s0Hqx),1936,[Arabic;Hindi],7.5
AE6Q$#OFtZVcYTxytQ4r7uqe*l0Q!hZY@1mcMYVAn*!#zfCjl0,2007,[Looooooooooooooooong],4
O#iFxe@i59gX5SuUnLiO6Z5azQ,1926,[Chinese - T;Looooooooooooooooong;Swahili],8.8
w7yTdSfnExs8iXDE3e1X!hQ3L,1987,[Swahili],8.9
j(94ejz1Z7,1907,[Turkish;Polish;English;Japanese],8.7
54Hgsw65JZbrkq6Cw!*BxG,2002,[Swahili;Arabic;English],5.2
*Ac#KS@$0PILbZLCm5VeXWLBpUiflZv7fi,1979,[Czech;Arabic],9.1
aHc2NGU#V,1982,[Chinese - T;Welsh;Polish;Russian],6.7
qEe0@^UeIVoeRF9KTp,1954,[Russian],3.3
G)IZEKGEt3gTDi8Y9T9x(egY#T*,1974,[English;Russian;Welsh;German;Chinese - T],5.9
KjIZK@wFgBw7b^EeO8dC27)l^l,1933,[English;Turkish],1.6
o)wUAJIuRXX@u#Mjq6zu!@i*%6hdDQAwQ&BldEjom#L(OQg(OH,1902,[Turkish;Spanish;Chinese - S],1.6
f(fk1ZSpFJNc^55ODa,1979,[Chinese - T;Czech;French],10
^XC#RgMfn2TAyodT9LIK*gvGh85PahvS#A%3qz7,1988,[Chinese - T;Dutch;Turkish;Looooooooooooooooong],7
78eUUUGLG0&I0ji#pY7EM3SizB),2006,[Dutch],3.9
DFh7X^RVb&nih$lhDV$853*R$Bk@TBG$USu4fR6LDgCST0ap,1961,[Arabic;Czech;Hindi;Turkish],2.4
#6xL81GfH!gY*frrevgOR3XgEe5ooTEg$esKrgdzIkWd!MJ,1911,[Hindi;Spanish],9.9
NO2GXYE0cPVv^,1932,[Czech],3.7
szSBwTv^OkIR!(W%t$PSp(gn1jki1VgtTilqNLVKi,1962,[German],2.4
JN6Roxzki(4f9qqxr(g,1978,[English;Swahili;Welsh;Spanish],10
%KgbCtJRV,1958,[Arabic;Welsh;Chinese - S;French],7.6
),1908,[Looooooooooooooooong;Chinese - S;Chinese - T;Hindi;Japanese],3.4
RMxQ$L@X29Ti%(M5Pn(9WxkKsi$JVwaj82hUkQEOuxPRzHpTbP,1975,[Czech;Spanish;Chinese - S;French;Welsh],10
z%&0Wgeab,1906,[Swahili;Czech;Chinese - T],5.2
aZe(!ULc)@uy6Uhv9Id6l9yhsU@TgKiJ3!,1988,[Chinese - S;Chinese - T;Hindi;Turkish],1.3
znbAP)OXO4&QeE7lr$p^jL)IxEbrcP6e1&5I,1996,[Looooooooooooooooong],9.8
tD(93,1981,[Spanish;Turkish],4.2
)TuQO*5,1945,[Chinese - T],10
PJ@MGf^*J^&K9bHNziJJC2r2)7gr8oTzTX&)K1yDBb(t5,1959,[Russian;Polish;Looooooooooooooooong;Chinese - S],2.6
NV!UPSlz!^1,1964,[English;Welsh],7.6
TBi(s!nngDWu6CmzdTa#72wV24#ATCdShQ3*BL&4pM,2012,[Russian;Korean;Welsh;Japanese],8.7
M)Q$s4623zMaz2fgfvEEJ&Yj,1943,[Arabic;Looooooooooooooooong;Hindi;Spanish],2.7
f4g%9Hoo^mFybPCmn&#ugH2oMG0n&1o0OiA61U,1917,[Czech;Arabic;Dutch;Turkish;Spanish],1.9
btA,1958,[Chinese - T;Russian;French],5.7
SDBgN)ng*rIsD7KP4%pAIgdDhXJ,1928,[Chinese - T;Japanese;Czech;Swahili;Chinese - S],9.7
CM(vb8YssnSjxwG,1937,[German;Dutch;Welsh],8.8
a,2020,[English;Polish;Hindi;French;Looooooooooooooooong],7
hE)K8bo^VXdZ0cMTKKwn@(3u!XAQuKk$A*LqUVe1FRGwwWesoD,2021,[Swahili;Arabic;Polish;Dutch],3.5
PzI6K6z13k,1978,[Arabic],3.6
Q@2^8xIX4kbRHCuwUCHflGftV)iZ@,1951,[Chinese - T;Korean],8.8
LVULSj6n0e,1937,[Hindi;Korean;Spanish],9.8
uR*oHs#&8qqv4,1962,[Chinese - T;Welsh;German;Korean;Chinese - S],6.1
TOA7ssCs2EC4Mn#mRB$kcdrONbZ2zKm&o8krXEigkmRYT,2019,[Spanish;Hindi],1.5
u6VESykfgV$Ox,1947,[Hindi],1.4
trhX3)xdOde4&Onne1S#RGnz#cP,1942,[Chinese - S],10
1EQrh4Xm*JL#Rq8Sb2Ei2uY^hoP(XVMCsxH%*^#$VQQ8,1939,[Swahili],3.3
459uBV5!ydnPW4MpNI(CpIjn*7d&m$H0Wp$3qv,1944,[Japanese;Korean;Spanish;English;Polish],5.7
JAo6^LhIc)2)Q1CD%l8jMK@b$z2c*C&kv,1935,[French;Russian;Spanish;Swahili],6.3
G),1924,[Polish;Dutch;Spanish],6.4
e^BUgi@CdBnqLhqER,1923,[Swahili;German;Arabic;Japanese;Chinese - T],2.6
EB,1963,[English;Korean;Hindi;Polish;German],6.7
jtIZ62FH)2yHxfM2Wx5*k6bfTe$f%@xp7TxDE*PhVe&,1917,[Chinese - S;Hindi;Czech],8.5
HTKs$$Y,1991,[Arabic;Turkish;Polish],8.2
%zumqC89mDv15FZWace499)m&tO%#VOEmjxG%f^Mc(Qi!hY5,1984,[Korean;Swahili;French;Polish],9.8
y@SZFhcO!a%V6L!GH(!SWvEjxLHPf1GFplw^@vL8CE,1929,[Japanese;Arabic;Looooooooooooooooong],7.9
E@k!jD4Kd,1913,[Japanese],8.9
9EksCc9b!n&jn1Z*@l6NZQ14UaPwNhkFeFs6*q,1955,[German;Polish],8.9
kyTAx$n7fJk&WHl5cv779izTaR6%oz,1954,[Chinese - S;Spanish;German],2.5
X(Ptre4b,1969,[French;Dutch;Polish],2.7
wdCy5&VBv3jiCWAhsaLMvkA*pDR4@jMyfXTZS8G23Ev,1986,[Japanese;Dutch;Looooooooooooooooong;German;French],7.8
V@^YT#P2b*eu4N,1956,[Arabic;Chinese - T;Korean;English],4.4
b)J0d80Suy2gf@QCGfR5P5z8%x3^qGAY0K62Fx*q%(YH,1910,[Swahili;Chinese - T],5
EF2CXE,2014,[French;Polish;Dutch],6
NZo3BusbwaxQD^9nduhTs26hddtEOR,1927,[Swahili;French;Hindi;Dutch;Korean],7.3
v8YGX$kLs9WqlRaZA#(b%Z,1982,[English;Polish],2.6
WxWZ$zJH8AYhQcDGdHTq91hqXdikh2lu98gUa0^&Xa8fc6o$^,1961,[Welsh;Japanese],2.9
5e^656$qvfDey2UML39qIF58Zl,2016,[Dutch;Chinese - S],3.6
BG6Yu8CHA%4s(yyu3D^MV(ml2BC(qGHUYPo%cTC0p7ia,1959,[Dutch;Czech;Welsh],4
cMm,1983,[English;Welsh;German;Polish],2.6
%vIlXSEx1IfnphW2ZChse7l4Cuw8ck)v,1911,[Hindi;Welsh;Japanese;Korean],2.8
nw7F(7n0h6,1994,[English;Hindi;Dutch],6.6
l9vFZmCC,1918,[English;Hindi;Korean;Dutch;Russian],7.2
dy9W3MmXXq7%zAEh,2005,[Arabic;Japanese;Swahili;English],9.8
bDbvqfTlMst1Nk(RF3xKwy22KO^N6T,1980,[Dutch],6.1
VthH9rt)zRKaqfvxp1h4I2dHYO,1928,[Spanish;German;Looooooooooooooooong],7.3
jn^mGtvnYbKVGIikvqdKHVzWp*NgLauHxUSWL!y2eMm01,2015,[Looooooooooooooooong;French;Dutch;Polish;Welsh],2.6
X3DyVIHbUHgndY!fxHSeWqF1NP@,1999,[Czech;English;Swahili;Chinese - T;Chinese - S],5.5
GhC#hs1BBXjROB&gfbU7*Dk(J0!Lq5X^gHUK,1911,[Welsh;Chinese - S;Russian;Looooooooooooooooong],2.4
UW(znfVMA6QiW#Ucyggn,1943,[Japanese;Chinese - T;Looooooooooooooooong;Czech;Hindi],8.4
5Q$oDUNA6ZQJYWMxX4vMOaKDq#2kgPIa$^ARC47Pnz,1987,[Chinese - T;English;Czech;French;Hindi],10
@LEiW,1909,[Dutch;Arabic;Chinese - S;French],9.1
AuiNXM&x%b$S77Pg#$)^,1951,[English],1.2
FRLEw4mFpBz557wdqz8vMPfSu*^HEL96bNyNZWQyPx*,2014,[Dutch],8
hMRijt%zvTy%HIkn,1942,[Japanese;German],6.8
FmW,1961,[Looooooooooooooooong;Russian;German;French],2.5
kvgGDj&A!B#xfrBeI#PfZH$AeX58EBP2sxcCTMmSi6MiI2xgOf,1960,[Turkish;Japanese],3.1
NXPth#3(qc8Q,2017,[Korean;Dutch],5.7
0^4HOOBrlZg5K0ssV&IU%rsV$FQfuWw3VXI8YH4,1930,[Russian;Korean],7.3
M96tXGZyK$W#uuhGlOXWeAk%do%0@Monk,1913,[German;Russian],6.6
x)JjEZj)3QebB*x4Ftzfs3ya0s3u2&KBf,1952,[Russian;Hindi;Czech],8.7
mvTMB%Tct&1jtvGY&oi1)pc#zYRx7HMp5agEEbs9ayK0sSptsy,1913,[Swahili;Polish],8.1
Z0i!gu9,1977,[German;Japanese],8.1
tihOxN9HmO!m$knJ6q,1907,[Polish;English;Chinese - T],3.6
6VP^Q)nT8$Dm(V)sB1$WWc$GtkDz,1916,[Russian;Hindi;Dutch],6.7
RLppFYdJN,1973,[Polish;Hindi],4
y(dgNAQ4JAZPifb,1945,[Chinese - T;Czech],2.9
)Kio)pPjYPy9VN63oE)l4&vt,2014,[Swahili;Welsh],10
ATyAqftZqpAjunSfFTj$inbPpoUNC4sg#D,2005,[Japanese;Korean;Spanish;Chinese - T],1
%ienxEHlt0XLKJ,1954,[French;Chinese - S;Welsh],1
$PG#XOFf*hA9xGuj2w!#BcJRxIdwmmbDP75dFoHA*4,1932,[Russian],9.5
Kf4aPMZPt(G1QivByD9uKQXNa,1949,[Dutch;Czech],3.2
pAi(1TAfq1@Hoa%yRG8P%XE%5a4,1906,[English;French;Chinese - S;German],2.4
C(MXR7w$!M,1903,[Looooooooooooooooong;Swahili;Arabic;Chinese - S;Chinese - T],7.9
&1Z#WfxA$$@GsubX2GeaR&@quz!Tviz,1989,[French;Welsh;Japanese;Chinese - T],1
B&ScjIJ#^WYUO#E#eD2yeg)pItt0g,1908,[Korean],10
c^9m@mDiPPToP@PBQ&812pmsZWqncu,1900,[German;Dutch;Hindi;Korean],10
^PQPddr,1905,[Spanish;English;Welsh],2.9
U(!hIsvg#TkK6ESRSOrtN$vHW)e2e(tO#HE5(u!34iMy(BHX2,1929,[Chinese - T],7.8
BzGpXmOzoSvT6*6O7)$kNV0HjNx%QEfh%y,1916,[Welsh;Chinese - T],9.4
5pB#tS*AQgZ!8^i@@OE*Ryl68Lw,1953,[Russian;German],10
sRbkqQYP8A*k^YB7wzBm^KS,1987,[Welsh;Korean;Swahili],5.3
N#gP1R$NH7V)6P531)N#bu@5s6,1962,[French;Arabic],5.2
bVQdC0$5NtlOIFhd18,1981,[Chinese - S],3.7
5,1920,[Arabic;Czech;Looooooooooooooooong],6.1
yzuoP763f*nlWVsEeTuHXKtsIh%gs5xZh^rM9@qX*H8L@VyyY,2012,[Welsh;Czech],1.6
(hPB$vF1gU005umbdY3bIil%eJ9LA)rjOIaokn#5S,1905,[Swahili;Spanish],10
KBPdx8(swv4K9$6jXd^fdxmQhGS,1949,[Spanish;Polish;Looooooooooooooooong;Arabic],9.9
j6pVY*YNFbfJb%*PJK!AA*HrEkEW0o5yKcEhQaIo480,1981,[Swahili;Hindi;Polish],5.9
1Fn1Rs9z(ZV0@(J*$lSNIwr@H,1977,[Hindi;Turkish],4.4
rG)VSO(q5EJAiZ*r7NYcOZgfquKXrAN1sSPuJwya8XEN$&,1901,[Hindi;Swahili;Korean],10
4Cwr*^36se4)ui0HDy^sbVqjQvdabqEGgRud1Hp2iU0hvO6k,1930,[Spanish;Looooooooooooooooong;Japanese;Dutch;Czech],5.7
9lYV$%ArVhOQlldmkKd*bYHjx2I$b,1966,[Turkish],7.3
N,1924,[Welsh;English;Chinese - T;Russian;Looooooooooooooooong],10
Dw#SkWJ49TyNRhF)BEXFx,1960,[Spanish],10
6v*BHV8&,1965,[Polish],7.2
1l00Q!RSaYI$#eXF)2MF6QjY$WML8UoJSgU0^qm$0#FVlRGUgj,1974,[Swahili],4.1
J!Dk3p$)RE1k,1956,[Korean;Looooooooooooooooong;Dutch;Hindi;Welsh],2.9
TGLzlxcmtOD3lG8m(3Z2(j#w%u6UAuuIoNAp2,2019,[Spanish;Chinese - T;Czech;Russian;Arabic],2.7
cW(t$V#J68dQuxkI3Ctt,1915,[Looooooooooooooooong;Chinese - T;Korean;Japanese],3
Y*Y)Cr8l112M6Bq2GyuQyjUTxLZM8fdGDlj55@,1922,[Dutch;Spanish],5.1
!5jfXDx999%Hm)3JGWO4r&4pxu11c*TCN0cjNyRVq)1,2008,[Czech;English;Spanish;Dutch],2.8
C4gbaSM3g@Ii,1915,[Russian;Korean],9.7
ADvlWKYs2toUx!@PV)y1uKfI03(BtG$11bYXBZ,1986,[Russian],3.3
IXDgXXt8&H,1911,[Hindi;Japanese],9.4
Xg7wK*XJGawYLN^O49,1940,[Swahili],6.6
s8n%1EiHZo8LnizZy#YfZwTllIK1DvHK6(,2003,[Russian;Czech;Chinese - S;Welsh;Chinese - T],8.5
^O7GIaj996@TS,1910,[Welsh;Chinese - S;French;Hindi],3
w^Yb4pIjrV%H@(OsNOeTLPL8bpj,1915,[Looooooooooooooooong;French;German;Swahili;Spanish],6.6
mPl!,1917,[French],9.4
tG6VvC*UoOSWAi9dNhB97leK4zvzN)KdqIC*HvZ!b*I,1982,[Polish;Dutch;Chinese - T;Russian],10
zc5tyM6&5g!BTz7SB)0KB08,1958,[Polish;Hindi],2.2
DOs@O9R98enu%DS,1932,[Korean;Welsh],7.1
fYVPaFvHrm%6VsFvuWooHU3yGeCdb^U8v)W4gm$U%ndQ(Y1),1929,[French],7.2
izjQV6ObyaFKnnbvsK,1918,[Polish;Swahili;Russian],5.2
xt9nQ#LNwDa1PBQKjW87W$1qhBc#z(tQ5eCSjC#&RGDX,1993,[French],6.9
Y3K$!EM)2rblgJRH%#K@(7jkj1lSr@G,2001,[Hindi;German],5.4
l2%zYwjVY@muc,1959,[Swahili;Chinese - T;Czech],2.4
(6hyl%DxGoU25D,1998,[Japanese;Turkish],10
uA$s4TBUV(Y0qib,1983,[Chinese - T;French],4.1
rXL$!T8sGM)Nfb5jbFrGgVxSy#Pf,1975,[Japanese;Looooooooooooooooong],3.1
LHycGU&XXPV3wMjS5Toz&i^IXtDEb,1933,[Dutch;Korean;French],1.4
aOy%XS6M#IF%2(y6lrl&HKnjXC8)jOLm$bBd,2012,[Korean;Hindi;French;Looooooooooooooooong],2.8
dKsjnq2uEGM,1999,[French;Dutch;Swahili],5
cR1W%eVM#Xb^6,1993,[Polish;Turkish;Looooooooooooooooong;German;Czech],1.8
N8Co6QecIii(LU1NfmPMt)n4Adrglgr!DX!yochp8NC1QRu,1983,[Spanish;Chinese - T;Looooooooooooooooong],4.3
N,1923,[Looooooooooooooooong],8.8
Lf^U%ZyMy^r#KdVBSr^FEwnr9k4AyYuw1@,1984,[Spanish;Swahili;Czech;Korean],7.4
!crGnnFkkbLn8Ha4$R7OU2U7mSv*k3Vj2)glValpJJoF0,1932,[Turkish;French;Korean],6.7
h)11gwbvdWRc$#g(wFBosj6FT9qQSfFjbmojja,1968,[Turkish;French;Hindi;Chinese - S],5.6
aJ$LxS&^4TYSmWFeGi&01#QiFl15&rdS1!!$HupVT5x,2005,[French;Russian;Dutch],6.4
%3LCJws(QqRpv@hOKyTHJ8czqI3yZM&SroVTQXQk,1963,[Hindi;Welsh;German],9.8
tHVGYKWhCk^f2g3$1Z,1945,[Welsh;Hindi;Korean],3.9
zqmBd2qO!YZB6csTWKUzkJW6^GoHW@)hI859Dq&O3Y%xZ0A,1916,[Korean;French;Chinese - T;Polish;Chinese - S],1.8
(3Xnt@GBEeB4byfCa,1925,[French;German;Welsh;Russian],1.4
e%nT&ZIxfhjXsDq5FHFLsylo(FZFCj8IO3j,1901,[Looooooooooooooooong;French],10
YM!kKf&,1962,[Looooooooooooooooong;Dutch;Korean;Chinese - T],3.5
ryiyHM14Qd8@2vyW2z1uu&hCZH9at0!ApSBWbD,1949,[Arabic],10
pu53btFE^1YEp0dcmj#hY)o,1965,[Spanish;Welsh;Chinese - T;Russian;German],8
M69(agUVmvz8IF&3dRF,1924,[French;Hindi;Spanish],2.2
wWL3wXnUkJb@@0MH(5Jd&OcpUi@mYX1cYSK7T4Jc!bRWWsTE,1952,[Welsh],4.8
b6SLvZ#IqBlUu(XOgMZdD)lTzJ)(3oef16$,1970,[Arabic;Dutch;Swahili;Turkish],4.9
zE5xiT7n95dW3JQlNumu,1938,[Russian;Chinese - S;Dutch],8.8
mw%4LHud@yLRiwUQaFAVy1W5yVImG8DKJtFoC%kAT5P2H36@X%,1927,[Welsh],3
N%@A,1973,[Dutch;Hindi],3.4
EwB3Vh$4J5,1969,[Chinese - T;Turkish;Spanish;Korean;German],1.6
u0bp,1946,[Chinese - T;Japanese;Looooooooooooooooong],3.7
m,2016,[German;Swahili;French],6.3
(zkefXjJW@*dlX,1915,[French;Welsh;Polish;Spanish;Czech],9
2UuXppg@KI,1973,[Spanish],7.9
0io0fdS8zlR(UZVo1bTIOle)qJMc9nDDKE4yt08Myj24jWan5u,1954,[Chinese - S;Polish],1
RkNNt*)nH$S1@zNOIxYhDaTTJg5g(qpfVLdrP,2005,[Spanish;Czech;Swahili],7.1
YegQNX2ZZB&,2020,[Swahili],5.7
7U@kv)VF,1923,[Chinese - T;Korean],8.5
lj*0IepCULrm#^^lHqOTdRg8HY#jhZk7(,1936,[Looooooooooooooooong],7.5
uMl2#)QWSLJMEGyQSiv2JzN(vOa7cn*Kz9AxSsDcl,1933,[Looooooooooooooooong;Turkish;French;Arabic;Polish],8.2
4^TULEs#&DihZ7,1909,[Spanish;French;Welsh;Polish;English],6.3
#of@34WfJ%1ds7Gv2p,1999,[Spanish;Polish],6.4
CFNlD!iIu#dth3LhYG3y)p9NMaFggzkuqg,1908,[Welsh;German;Turkish;Polish],8.6
2a,1938,[Chinese - S;Dutch],8.2
6wKeZSbVGbehK2UCG1$7g6uM9%BFcqg8Vhwl&n$fXPZhyJW,2004,[Russian],10
DP(K5J7%wUhXMy,1944,[Polish;English;Spanish;Chinese - S;German],10
bDgF%^do(Y4qp(Z6Ho6c,1994,[Spanish;Korean;Russian;Turkish;Welsh],10
8N7CI7@uZ*9!AtU3v*q@XLATJTsLbKoLHm%tW5YN#ZURZ8H#*z,1998,[Russian;Spanish;Welsh],5.3
R%^suiPn34cTFt%q,1984,[Dutch],10
y)YOFIniS,1938,[Chinese - S;Polish;Dutch],6.2
krb%#La#srk,1919,[Spanish;Looooooooooooooooong;Welsh],10
smL$oep6RAzA6,1969,[Hindi;Korean;Russian;Welsh],10
ZtTWe(RZWUGxKnB,1967,[Russian;Hindi;Welsh;German;Korean],5.5
wMb669Q,1997,[Hindi;Turkish;Dutch;Spanish],1.3
2^T,1903,[Arabic;French;Czech],7.2
b5oRU#y#(#NyLuoj8)W*(GXuZiN#Qx,2008,[Arabic;Turkish;Japanese],5.9
el,1987,[German],4.8
8BZ9*JWxT0*GYAg36fpF^Yn9CklFw*F6%RC2bs,1948,[Hindi;Swahili;Looooooooooooooooong;Chinese - T;Czech],3.6
jNnpl*ItF2IR4ttRyDjdfLLGN31#K%es4Qrn5P$CE,1933,[Turkish;Czech;English;Russian],2.5
loo&W6%ahT9(vvWLkyDSztSctk34,1987,[Korean;English;Chinese - S],10
3o(v8zo)AagogLd7QZRZjmudp2diA!V9pr#7kKmHFDVvl,1988,[Chinese - S;Russian;Looooooooooooooooong;Swahili;Arabic],10
GUL1,1932,[Dutch;English;Arabic],1.7
4j!VdTv!vs22j9UPCuOB2NL(p61JR1z@,2011,[Looooooooooooooooong;Arabic;Chinese - S;German;Polish],1.6
pKgG)hTLOEpRm,1925,[Russian;Chinese - T],6.5
*Wrg8wX*8qw3DE5Fy%ogHidB8qE,2016,[Arabic],2
PD&Q^E#B7xdPqM73EVxoP(&G8Kz),1966,[French;Polish;Arabic],2.3
c@dJwJ#oShJ@Jm(gbiMKmF1RzN,1956,[English;Russian;Arabic;Turkish;Korean],2.2
m^0B,1949,[Swahili],6.8
%VnOZtztDP8fBQN,1949,[Turkish;French;Czech;Korean],7.3
ptG5b$^$yuoCkt4tkp6)zuFM%iCMzYDEH6G!SN8,1964,[German],4.7
K5nFYzC6nQPBd7isw8g$cRp@w&pzUJpRiDU5XW&17d(s,1916,[Arabic],4.4
EwmC$ukZr,1915,[Spanish;Dutch;Turkish;Hindi],7.1
9T!p#bcJbcu^6yyxwH1VZ4i,1932,[Japanese;German;Spanish;Looooooooooooooooong;Russian],4.9
S%XkbXa#(#Jg4RfeGG6&GgT)*iuGlPDkqxE5Oi*EmKw,1958,[Czech;Spanish],9.4
DvmK^uWu8SAYQc&7xEW!,1906,[Korean;Hindi;Russian;Spanish],5.2
tXpotQHEqkDtfO5kn)xAA*0B&eOeKyb#hoIos*,1912,[Czech;Russian;English],10
kyiJk4zTUJLEip!RthULLC1m!X,1928,[Spanish;Hindi],6.3
06jUo*Z0dGgtzlr,1903,[Dutch;Czech;English;Swahili],4.9
B11V%$6MXBUyBhSDHj1dxyA,1949,[Chinese - S],5.1
MfVov2IT%QMKUO4ZEZ,1959,[Chinese - S;Swahili],9.6
gKAK1q*P*d^zBdl78I8QN$i8EtEJIfUtP,1936,[Polish;Russian;German],6.2
SYDlhB*EFTBHSII)aA&k3n9$HlEk7w5X*NvVjNkk*zvl2$&e,1910,[Dutch;Welsh;Arabic;Swahili],3.6
49eTl)^jL*GApjA!n4uxQEYR%%khCIn!Sy$71EM3ZQuED,1951,[Hindi;Arabic;Polish;Looooooooooooooooong;German],10
q8Y(pJk3&iZ$7EGV!M$1!#MpkUq,1949,[German;Dutch;Turkish;Arabic;Looooooooooooooooong],3.1
g$%,2009,[Japanese;German],8.7
vCo2,2019,[Looooooooooooooooong;French],5.5
@H&gg#NaAA%#v5@t,1983,[Chinese - T;Japanese;Looooooooooooooooong],3
9XzUpAb(T,1974,[Looooooooooooooooong;Turkish;Chinese - T],9.1
J!uo@Qa9^Cm(fKKXidis,2009,[Looooooooooooooooong],9
S53K^@0UfUHf!aDnII(%eDu5uTFIoRsn5%3WLey#7zhrKAz1,1963,[Arabic;Chinese - S;Dutch],7.9
XJh8O(!RIKFG$Ao)NLb24B8!@s(MXmj911FIpvBKirAU29nc,1900,[Russian;Arabic;Czech;Chinese - S],6.5
a1dCTcgGPl%X^zkWfjJn(bBp3,1947,[Chinese - S;Turkish],4.4
a*R(Kz!)c28*N2()oDHEaP8psyXs@NJt7gLaJmADyI#XK3W6,1993,[Welsh],10
*3JXJyyrI%ohvmpqF$Roo8W931ltpo$wh@3,2016,[Russian;Looooooooooooooooong;Welsh;Chinese - T;French],8.5
RvFravvD$$7E&fIr#2wc&ogwLp#UY4hBq%tV95j14&xTOD,1902,[Welsh;Hindi;Korean],6.9
$UFK&&0dUM1XZIm7dq8G11^j@DGERcG$ur,2008,[Looooooooooooooooong;Japanese;Chinese - T],3.2
TLmdx5%5YqRTtwHiB*LpW7e&lfWoo(RrhfcTS,1900,[Spanish;Dutch;Turkish;English;Swahili],1.6
$0w7HA&ibMLVGgyYeYnX,1903,[German;Polish;Korean;Hindi;Looooooooooooooooong],10
ux3j4(e4iGtG4TC5RGe(fddE4glwBTtIo95,1952,[Swahili],4.9
uxCZMwN7g@Fa,1968,[Hindi],9
wcgSMCubU),1909,[Turkish;Dutch;Swahili;Welsh],8.2
*,1924,[German;Korean],1.8
CelUn,2004,[French],3.9
#LLAJ@zqSNSWkQ$iRaxnjC,1989,[Korean;Chinese - S;Swahili;French;Polish],2.2
4%M&FXJar9mMVL0J&G$tkcoEAJy,1980,[German;Swahili;Turkish],2.8
g,1928,[Swahili;Hindi;Czech;Turkish],10
5s2$SsB$eYytU!mT95xuEby,1981,[English;French],4
QQtpZDc6ur5wov0TU,1953,[French;German;Turkish;Chinese - S],7.9
u^mW!Mu!WTq7nt(Qdp3pQXc4Jwoovpvqs*H!I(649lczVD@@,2019,[Chinese - T;Czech;Polish;Welsh;Spanish],5.4
$2V8GmAGF%)mz5trEdlunoREx5zBuU@)MP@2*7,1909,[Japanese;Swahili;Welsh;Dutch],8.1
K7,1982,[Hindi;Dutch;Arabic;German],5.6
!ES0(LA9vdXJe@gYx!2#oWlQiogUKUKt,1998,[Welsh;English;Japanese;Arabic;Russian],7.6
)WpVZK00geGWri1#4IrD0j7,2011,[Dutch;Czech;Spanish;Swahili],5.6
Ny8Z@AgYemq8rt)FucPKX^oTsuLAwQpc7Q8eRYB4OKs2bM1Dv),2011,[Looooooooooooooooong;English],1.4
B&!zU1$pyA^e@laOlID@2HFTi8U&Nur5!xwv*r!X,2014,[Chinese - S;Welsh;Looooooooooooooooong;Chinese - T;Dutch],3.4
aE9bv(a,1979,[Chinese - S;Korean;Czech;Polish;Japanese],5.2
369Z32RP66eEv,1919,[English],5.5
$Ga#K&bucH,1960,[Looooooooooooooooong;Spanish;English;French],10
q(UktV(sC^j^WVmBVejIZH(69UQcpvi07wiHjxrmO8,1963,[Korean;Chinese - T;Looooooooooooooooong;Russian],2.4
4WHGf@92KNkjwQX,1993,[Looooooooooooooooong],9
SEipzT^(rHAerS!iYG8DPIqmTW68Vk!bmPdY%caZA)piHLiPH,1954,[Russian;German;French],7.7
3Q$h1I@qKs3jOSowbhBWCcXbdtCjgmyjRbxX!BMU3IvSOSSs,1986,[French;Japanese;Korean;Czech;Polish],7.6
z4b41G,2013,[Czech;Spanish;Looooooooooooooooong],9.8
Z10#^!zwX,1913,[French],3.4
#x9LUceK7MS%D,1992,[Welsh],6.4
Vl,1915,[Welsh;Looooooooooooooooong;German],2.4
VH)F0OzysaCRIlCW$3y(DWEGzbXv3x^Cq,1929,[Spanish;Polish],1.4
$KjM6BSaAo%4m,1930,[English;Chinese - S],2.9
vv78Xz*cl*2%nWW6C(RZ%^zCyy9&mDwucgd%LtH#VlPJbq8X,1971,[Japanese;Chinese - S;Swahili;Chinese - T],2.8
kJt^H387P&hz,1967,[Turkish;Chinese - T;Spanish],8.9
(nxF$yQUVeSRBt&Hlj*(R8P85Fp@0FWAkzR@4aKbEIv,2017,[Russian;Spanish;French;Japanese;Czech],4.1
tc*8UDpdVFAYXIaGzBs8WSB#KYrnUu,1931,[Turkish;Spanish;Looooooooooooooooong;Korean;Czech],3
C9GcSwU1uV$ywhHlm0(QA&HbTx,1975,[Spanish;German],5.7
&ifT7qniSFSA!nu,1918,[Arabic;Chinese - T;Polish;German;Looooooooooooooooong],10
HS^Zxi1#Yyc2jym&xAMZM7bB%x(WDTLBvCaWX)fPt,1955,[Arabic;French;German;Turkish],9.1
!avUT9Ra$0,2001,[Polish;Czech;Dutch;Chinese - S],9.2
ne)$E$^gKr2u%3Oi%5YI9V$DRAmR#g1dqS4CEk9^fMW,2015,[Dutch;Czech],4.7
3W3jYEv5v3BkMf)vYvycs)4qPeYPk1#zoXW6dI7pLNn,1955,[Korean;Turkish;Swahili;Polish],9.1
n@z8Q#XG1PIUJ95#$fG(3*JI9k,1926,[Dutch],1.9
1hjzwC9oUc0bklKgpEZ01UDUsSc0vpGyrv&TI,1907,[Russian;Chinese - S;Swahili;Czech],5.8
bGoQ95LC72qOo$ZX0^4^%8,1962,[Polish;German;Japanese],7.3
!Nh)P^bm95*pw#YIWuGyGI1qLOavoDuFiC!#7*,1995,[Hindi],7.9
xwwVCwOs6ThCYuw9@j*O#)tjkWFnBv3$1H9^z$mbyzMxg88zb,1930,[Chinese - S;Japanese],8.2
p1YgiAh)rnBab%^B9FN8p9Gv2X16W,1937,[Swahili;Japanese;Chinese - S],8
)p7oYo9lUpLTrjlUV$PVdfG&!mPYP,2005,[Looooooooooooooooong;French;Chinese - T],2.4
YfY$Aa)2Q1JCe4%PBLR&m#vqFUVr^sw^x1VIFo,1907,[German;Czech;English;Hindi],6.7
OnkXBD(h)2WWw3(xM8K,1943,[German;Swahili;Chinese - S;Russian],7.9
YEMkFlnVwKT6&lb6bAhB7s!4@9rNlqRXP)PDcc86fAnJ27,2017,[Dutch;Turkish;Russian;Czech;German],8.1
cR0M5dw#y9Jcm$DCnsX5f,1913,[Russian;Dutch;Swahili;Chinese - T],4.3
J9YJ5s$GmsjWHLm8MTushgECOPPd67*tS,1990,[Korean],10
N6EKq9d8tQV2,1974,[English;Looooooooooooooooong;Chinese - T],7.5
6yR@N8RX2HUHhrztghn6Cb2qUrQHsNlEvIhfp^PrIKt2LsrRQ,1963,[Turkish],8.8
5AEJd1km07LpVW,1906,[French;Looooooooooooooooong;Russian],3.3
NK,1958,[Spanish;Turkish;Japanese;Korean],1.8
kDcezx9X1,1990,[Chinese - S;Arabic;German;Swahili],3.2
PPWoJ@QeXwjQP,1908,[Polish],3.3
OUjK@ABJum4)ujdb*RzHOSGFXDjNgGrgDh7,1963,[Hindi;Spanish;Dutch;Japanese;Polish],5.3
ZdRr,1910,[Hindi],10
#1RMTybRNLYCwRiSky)lwLHPAvQXkg#CB,1971,[Russian],2.5
B5RB8!%yTJDo(ZF8W$3o1KO*h67J)RcF%6l)qh2fzryf)Xf!DM,1951,[Chinese - S;German;Swahili;Korean],6.7
g8$OQiuC@Cryxt4twWw)0DqChzd8xrm#nCTQ2d,1902,[Welsh;Swahili;Arabic;Hindi],6.8
2i^7TgjL!xKik9Hka$iFaW0(EJenEbO2E7o31upBFxuhx&V,2007,[Hindi;Japanese;Spanish;Looooooooooooooooong;Dutch],1.1
OZv7,1969,[Japanese;Dutch;Russian;Czech],6.5
D^j3!kH)A9TBfSk9lxN@DB,1992,[Arabic;Swahili;Korean],6.1
wHjH*x43LvF,1938,[Korean;English;Polish],9.5
Ey4fv!@rj1hehXTGYXBAsk&M7z1mC8dO9yNM22KG!hBBVX,1933,[English;Dutch],7.4
2*plMNYOA0HZiyVeC7GPhIpsJN6fH07b87E%oczTz(,1909,[French;Welsh;Turkish;German],9.1
iuy8#rOb#Uz^#WlMU%5xYDhY3v$Pf,2009,[Swahili;Looooooooooooooooong;French;Japanese],9
QBngwFvrWH3Dg0so3v,1924,[German;Chinese - T],6.4
10g7p)C3)@j6wv)!qq@bUdSZgBK4CltxEoIn33,2008,[Swahili;Hindi;Spanish;French;Dutch],1.3
R)WMmO1H7nPsjb)zj9ldN3mjl#29g@S5i2T,1952,[Welsh;Spanish;Swahili],3.1
Zbtgq2Azt&h6FM8Jij%Vif%bupHiw1qv3DNDaU$Zlnc,2005,[Polish;Looooooooooooooooong;Japanese;Hindi],4.7
PZ$k%,1949,[Polish;Swahili],8.1
7QJpV7rS6pfgTB4FXAh3ILu)T(F$us5B76KPxH3cDDQp1,1908,[Hindi;English],4.9
o34OErL,2015,[Hindi;French;English],4.7
E2*NN3SV#acI1qK(pgYWzfBWkc3e9jNhArhGP954@9&7JKt$@,1902,[Russian;Arabic],3.5
eI@slHUTSMlo9g5c%bW^Vjrht,1972,[Turkish;Hindi;German;Japanese;Chinese - T],7
EzjX,1942,[Korean;Looooooooooooooooong;Czech;Spanish;Russian],10
XRtzM,1994,[Turkish;Dutch;Polish],2.6
Of&I%3Z#8Sc&zMIaIlPO,1996,[Polish;Japanese;Dutch;Russian],10
54,1915,[Turkish;English;German],2.6
Ikl7NDNZV4K9Kv2a#fJ1fkGMPc@csP80hH4&#kvQCbUv2N,1996,[Korean;Looooooooooooooooong;Polish;Spanish;Russian],5.9
JQo6Kwgw!!a#epI,1900,[Turkish;English],5.5
r7CRk5j$ymQX6JGWTxciDmQJ,2015,[Arabic;Korean],1.7
m$S8LnDDTs^o#EQ,1948,[Chinese - S;Czech],8.6
J0rzp@2^OmRYWpY&1N,1985,[Hindi],10
P$EdfE@ZCJ85p$9LvEw69@(FIVP0qsiBMB1SNl@,2011,[German;Welsh;Russian;Spanish;Chinese - S],6.9
cx9GCR4ysi,1906,[Chinese - S;Polish;Hindi;Czech],7.8
254uQ)IMgg3HMV6bZ50O,1953,[Hindi;Korean;Dutch],3.3
Xft$3H(1m4jXFNL#!q%upE,1954,[French;Russian;English],6.1
yofPbBn)P9aLm%^m%s5Lr$,2001,[Chinese - S],2.1
Aki9#E6AG^tKSdnjTl@wsiN,1933,[French],6.3
ht,1986,[French;Spanish;Chinese - T],7.8
4Xsk2K)oHnzk(L8JCtkX,2006,[German;Korean],9.4
7NxDQNhpn6NQZD$z$3JgYJb4IVsvU6f,1914,[Looooooooooooooooong;Polish],5.5
j4@hq0j^!!raVX3LE@g*SxoDoXdiFeEwp^6MkJ9#sY^iwTZ,1941,[German;Czech;French;English;Hindi],5.7
92Jc0#24,1975,[Polish;Korean],5.6
R*$jtEaAZ,1917,[Swahili],9.2
oNVIeY0(M39Jus030yEzL^j4^PizPpq,1994,[Chinese - T;Dutch;Welsh;English],9.2
G,1903,[Spanish],3.5
rY8dJmb7BPUm*R#pRvq53^rsJZrIvwd*AC!KtM4PK6t(s382RA,2002,[Welsh;French],10
O5!ldW*jQE&B#(g$0YA15!k,1905,[Spanish;Chinese - S;Dutch;German;Polish],4
C,1925,[Japanese;German],1.2
o3&a%RH(OYUR6bTtLNClSN6lOD7kv@QU!Kb@yb,1981,[Chinese - S;Hindi],9.6
1d,2016,[Hindi],6.6
z2@Yv34$a9QRYpgjmjr66L2@stoiS5yW,1949,[Chinese - T;Arabic;Chinese - S],3.8
2EL4HIFgY!yubJVp35Zs3DUd5NvKqQ17ctvpI9%CMM,2021,[Czech;Turkish;Spanish;French;Polish],5.3
QinX56u$503SRUlyBGQC$BtUK8lR@,1900,[Turkish;Chinese - T],7.9
5uSrzPM$yKsSRNXnb)qyTpPAfLeB@ax19VNx9(,1981,[Czech;Chinese - T;Arabic;English;French],3.5
ITRhQndeIR6,1905,[Czech;Chinese - S;Dutch;Swahili],10
oN@mCsN7G4jRGuQbMnkTqK2^pRx&#)9qA9TAf#Zx*$8L(%,1902,[Turkish],6.6
0#IhIcM^lzwxwSUGqFkQxMq2L%Cc,1988,[Looooooooooooooooong;Spanish;Welsh;Turkish;English],1.9
^Ec9xJt%TmiIzLMyIp)Y2(N!H4xak,1996,[Turkish;German],10
hqLcp#OH7Z1A*Z7gpYuC$ADFr(RB,1992,[French],4.7
W7X^^yUwTFQP#rZqnF^oQ8t0HKbkS&Hm&g#fsU)v**@z$UMQu,2006,[Swahili;English],7.4
W&ifo(ntpMMCs4Gi,1977,[English;Arabic],1.4
jcSBn2QFMUb#(DSwCM7EGmHyfSo,1904,[Chinese - T;French;Spanish],8.6
5GkZXO7CYWR%Nqw$U,1920,[German;Korean],10
hBCTmmJ9O^H)rQjCk(Fm7PafxmWnO1VpbY^Y#(c,1925,[Russian;Swahili],6
zoO1raL,2005,[English;Swahili;Spanish;Dutch],5
eFMh#PL9H&z6n(s!&$41K6$X(ItM^7LaXGb4S7(lETRCSGhKLN,1909,[Arabic;Welsh;Looooooooooooooooong],2.8
gClCiZogPwZw&umyKw9B5vcs,1993,[Chinese - S;Russian;Dutch;German;Welsh],4.9
QzzFIy!FMqvF0Yf2tlQzDoBubtkAYr*,1902,[German;Spanish;Chinese - T;Swahili;Chinese - S],1.1
HHT0$U4EAv5BXtJkD%zdJk%Rd8iNJSfk8xGw,1988,[Czech;Swahili;Japanese;Looooooooooooooooong;Arabic],5.3
7jzldy)rEQUT5F7mkAPsGz6u$nDP61MsmcfMQk1kQ,1995,[Looooooooooooooooong;Polish;German],9.1
dGzpUI(c@an,1952,[Czech;German;Chinese - S;Japanese;Arabic],5.5
(#Am4R2o,1949,[Spanish],1
v7j*tq^wHoD0wpbiM8yi,1934,[Czech;Swahili],3.2
v%tj%yqSoYCwmGn,1956,[German;Spanish;Korean],8.1
^*g21lK5#,2015,[Hindi],7.7
6%2sy$m2qQAW2GAhscc@KnMN5wCXGhU@FUh5w3,1978,[Welsh;Hindi;Russian;Korean;Japanese],10
^RlLxPSKYU2vIFvbPj6s,1933,[Arabic;Swahili;German],1.7
LkBu&fquuX!r@,1931,[Spanish],8.3
PV,2010,[Chinese - S;French],6.3
P6OHz@uib%luPT,1913,[Spanish;Swahili],9.4
#XkY!h^AllggAk@G,1969,[Korean;Welsh;Spanish],4.8
BGAcekk7Goe1ao2Ar,1931,[Russian],7.7
emF7)xzPEOo1PG8),1991,[Japanese;Swahili;Spanish],8.2
Ilv1x0Chdwpq$BTCX@KCqCO%muY&VM4mjqoJoxk9^pN,1990,[English;Spanish;Japanese],8.1
&Y6yBICGBf7LiRArWaW!&IDy&N%M19&ABvGHjCkyGe5y$FVUB,1904,[French],6.9
M86YhSn7xi^SJ&PI5r,1983,[Czech;Looooooooooooooooong],9.6
sLRL%k1&V!FB(5h4L(mvLinBoKX,1983,[Chinese - S;Welsh],4.6
%LkBwLE03c2M0KcNOGPFs*j&EtmFsT^ZoXrMh,1918,[Turkish;Chinese - T;Polish;Japanese;Spanish],9.2
mtU2%&5UqUgysIm9z5M6cpOle$LP@IYw%GE,2014,[Korean;Russian;Polish],3.8
ZInND5BVQBc,1987,[French],3.4
dQPwvZ3WbI*F@Xy!g78x%#ky1rF11Cjf^68D7%i90c3x,1902,[Turkish;Chinese - S;Hindi;Korean;Czech],5.5
3)ZYVJ69ZT6Y8*GS(Xa7Ij3k!lEGSMe6)Yq7*v*V$3t)hYL,1961,[Chinese - S;Swahili;Arabic],7.5
zzyky&KxSsNLTOGegtzJF4XBd6o9d6!(Km)F,1991,[Arabic;Welsh;Chinese - T;Looooooooooooooooong;Polish],9.2
nYpP^5m8Pieu&ogg38#Q,1900,[French;Korean;Czech],9
3tpJWUGo!$d5!Enav5AgMz,1985,[Russian],4.7
@KJlUt(c5nKIVtWF7XIVrMVfLX6@B9HsyHYucxKn,1953,[Welsh;English;Japanese;German],10
7xdICxXQaDu@*C(R6ex,1929,[Russian;Spanish],2.5
2GbUmN^q2a&9fPLU!492dqiH$D&Ae@i2hZ1BcU,1900,[Welsh;Korean],8.1
l0sr9fZS%8ntPVsz(i07Wb!v^AvipFD#M3U2l*ZQf,1973,[Czech;Arabic;Polish;English;French],6.3
Z!lyFPejEAE4,1952,[Swahili;English;Arabic;Dutch;Spanish],3.2
@D(1jhAoxW^SKW!lR8uqeLRkf3aYY!GNy!3CguXhIAN,2009,[Swahili],5.6
9,1964,[Chinese - S;Hindi;Arabic;Korean;Spanish],9.4
j7QmHh#(dS$N70,1956,[Chinese - T;Spanish;English;Turkish;Welsh],3
6j^gr3zFQrAcRz*EE$UqO6F&vT9UDNzn$9sNhAZ,1997,[Russian;English],5.3
t,1925,[Welsh],4.8
z,2005,[Japanese],2.5
ven,1976,[Dutch;Chinese - T;Korean],5.1
(3jp^fMrC)*B()w1m3,2006,[Polish;Looooooooooooooooong;Japanese;Turkish;Hindi],1.5
q$JWa70!Cqexh#eqi2IgXKk%sY#Kg&2^hFR,1910,[Dutch],10
tnHGtrabfh0z3fAsY!A#A^3iCpMog4TJ3n&%x4n&A6isML,1925,[French;Looooooooooooooooong],5
xo(GVIb3$PyHclDEE8HBzZ0(&BLyNMScL77nw&LkAKJ,1957,[Japanese;German;Dutch;French],5.9
aRxEm6R)EG#d%WIYVwEBebnzmPOycgDe,1927,[English;Swahili],10
l$7Ois5qCIjeOdR*RIL7IP3jBP$7tI01aC2G$kb&sGFN,1924,[Turkish;French;Korean;Polish],4.7
Jgr4BR)IK(M$3neOo^&%,2012,[Russian;Chinese - S],2.4
TmW1rqbAY^86v^jW6LBOb)9$t@3ufoUR#yGaD,2006,[English;Dutch;German;Polish;Looooooooooooooooong],4.6
JhxSa3RD^Jh7VLWb@9Tq8ct%Sf4Xei*,1934,[Arabic;Chinese - S;Dutch],5.6
2wuCSTbgDWdGHWYrkQMyN,1914,[Polish;French;Arabic;Czech],7
1QdZ$BbF8)Qaq!)Y^XSGw6,1959,[Looooooooooooooooong;French],4.7
55*$b$E(hXAf)1CsVD*uOOQ59TQSoiF$,1988,[Spanish;Turkish;English],6.7
ojENoWZXsL7IE3qIg3u8hFLmnkRh7#Hr,1964,[Korean],2.5
nLv!q95rNJsu)druB453T#KSM2iMqugIu8Hqm4^fsWI7WwPluP,1932,[Swahili;Turkish;Czech],2.5
RIf2sZo38!jnpdZ1e663TmUZcCgTIzYic)QeP9KrP,1964,[Arabic;Chinese - T;Spanish;English;Czech],4.8
^OGaEnFERXgTMl2fN6c,1940,[Swahili;English;Chinese - S;Korean;Russian],1.9
E^SFA$$FF5AFeKZNQspJC#yV$uE05(FoAp8fgpD8fMDxS)Zcrs,2018,[Looooooooooooooooong;Polish;Russian;French],1
r6O0%#E)qg%@WPaWOoPzGFOeaJ*shNevy)z%z*MxJJ^A#vW,1938,[Welsh],6.2
z7cQ*#RT5pu@vfA7*bIMih7mg&ri8!,1957,[Korean;German;Hindi;Dutch],2.2
H5fe%Stm,1941,[Japanese;Spanish;Czech;English],6.9
DSuakroeF54cw4E43VQI(Ob4V2^Yv(w&XOhIjUyf%s6*(Uon,1973,[Arabic;Korean;Polish],7.1
GoyVcjgD!waN4!2DSQ,1950,[English],8.4
rJCTi)^1Qjq4R$#nL,1927,[Hindi;Spanish;Chinese - S;Arabic],3.4
EF,1967,[Turkish],3.3
n^*,1996,[English],2.3
I71HNPFKchwsr!tsb#oYLP&H,2009,[Russian;Korean],2.9
zW^9RUO&Vb@I,1984,[Polish],8.2
YuAaCRDSYtk60iVTie^uwKpmEaJf,2017,[Welsh;Polish;Chinese - S;Spanish],4.4
^nKMckfmK&Nnk)0DuEf,1996,[Polish],2.2
%VPWI6&clVMd&kItqSOQvQw(zbFNRzJTVa7(,2010,[French;Turkish;Chinese - T;Japanese;German],5.5
(px3a4R5uA2tvx%P4ZOJIu(g,1926,[French;Spanish;Looooooooooooooooong;Hindi],3.4
WA3T%D2g*MYuA8p2QshjukmILXt6Slq,1969,[Welsh;Hindi;Swahili;Spanish;Dutch],5.9
mBb8$Dr44v6Td9UBomG!*z72c^&DHpf515!X,1925,[Chinese - S;Russian;Spanish],6.4
%jnODrHrfia6cwNNZk^f8WExK)L&rUNw&C3k(xT&nNZCaIdt,1983,[Japanese;Looooooooooooooooong;French;Korean;Chinese - T],7.4
F9oBQk8rgOGoxiWSTUgF5BsVJj6e*J**KPKlmbAfROzGP*H0d,1966,[English;Chinese - S;Hindi],9.7
YxjPK*0z6e,2000,[Czech;Spanish;German],10
OYWwz*LlfU7oFF464#adfT)4)TxNYPDjO@Z3aNx,1933,[Dutch],9.5
r(aU(qvm#bg613g!qMKJj,1930,[Japanese],5.2
ykg)ZLXd,1910,[Polish;Korean;Dutch],1
Y#i(KscyL1Brh851*NUNtj,2000,[Turkish;Swahili;Korean;Chinese - T;French],7.2
H)$rrjfnlp!(ku)Q,2014,[Welsh;Spanish;Chinese - T;French;Swahili],8.9
pPj,1961,[Chinese - T;Arabic;Chinese - S;Looooooooooooooooong;English],5.5
WlXNUn##Vh&&T@A3P211Kc79chb%Np8#Eq,1938,[Czech;Polish;Russian;Dutch;Korean],1.5
PEnOlL*04&DJ&TZF9ow(e,1964,[Looooooooooooooooong;Polish;Dutch;Spanish;Swahili],4
pabDKiDnMqEE@FBwZk6t@seS9uSHfrmrOH5XgnUMxf9G,1934,[Swahili;Hindi;Turkish],4.5
h3S2)BwFUd!O^Y!19jiyHKv0Pb%TCAQ(Qatnel(oPTU0^2Q5A3,1914,[Polish],1.8
TT6BSJQc!NI7ezPuf40E6*hD^H8ZwcRN5NbaH,1958,[German;Polish;Korean],7.5
b)G5&D^*,1990,[Arabic;Swahili;Spanish;English;Korean],3.1
2wUV8yxfttH0WHIN#8fDpicdJ4m1U(ExmY&)CvGmxe9mBiGF7@,2002,[Welsh],6.9
LBdkqX#liXMJf7h&1,1988,[German;Welsh;English;Polish],6.4
p)B)i(DsYfm*pckeF56,1961,[Japanese;Chinese - T],7.1
dh9EYC(TB*JZ*6JN!4z1BE$yxRZ,1914,[Polish;German],4.6
S6bX7pKpxxZnQCR6SkqP)*Zxv!vT5hwCucL,1917,[Czech;Polish],9
sE0%w4O7y6az6en&O%x)AD)f*&h,1968,[Polish;Welsh;Russian],2.5
j$eKlR,1956,[Polish;French;German],8.1
GFlMOMH@Sz4S7v6RVpSv#$3E9qOPTPZo)CdDe),2008,[Polish;Czech;Swahili;Russian;German],8.1
Gfbq))ykG5F7r&64y%2zGZ986^L,1970,[Czech;Japanese;Polish],8.5
fcl!CF!I6nB)ytMyyMVlmdleIqQe!Gy2^MEw((XMJ3d5BZG(W,1943,[Dutch;Arabic;Polish;English],8.4
jib8&Yu,1963,[Dutch;German;Polish;Chinese - S;French],4
3vwQ^STOIpDwqd&S@yHPA6c4v7du)HIZ@87eEQ,1935,[Chinese - T;Korean;Japanese;Dutch],3.3
Llfdf$DuwWzqXd8hC^u9f5zXkZDGuCiU@ZJ%K#QPXy1,1901,[Looooooooooooooooong;German;Czech],6.2
OJn53((nS8s*8(q*ZtH9j2&W(YB^jph78haiQCs9yiM,1984,[Dutch;Russian],3.1
ipB,1922,[Arabic;Czech;English;Looooooooooooooooong;Hindi],8.5
p#XE3MhC3,1915,[Turkish;Chinese - S;Japanese],3.3
GBgAJrrB,1994,[Korean],3.7
p8DD@sW#2uGd2E9%G,1942,[Japanese],10
&J2(1%#KL,1902,[Russian;Spanish;Czech],7.5
beE&0^RC89o7DtvProME)!Jc#jfHsWIIMpOUgBZridB,1906,[Chinese - S;German;Korean],1
dn1RsyP!1,2019,[Korean;German],5.9
vi$@Ou&jFE$TYqG$elp!KbR07G^S9ItNklTSJffU,2000,[Chinese - S;Spanish;Czech;Looooooooooooooooong],2.7
%KqV0Nst2sOr@J4%yn4kk,1955,[Japanese;Russian;Swahili;French;Hindi],9
N6GuhAT4rFjvVq3b,1928,[Czech;German;Arabic],1.6
CTEBTd&4Zi&mSJUFml31Gy6i,1921,[Korean;Chinese - S;Looooooooooooooooong;Chinese - T;Arabic],3.1
6$N)!KAj^$T!7W8D$Fy8Brg@yDE#AQq^xVZ8e0Fu,1971,[Turkish;German;Dutch;Welsh;Chinese - T],6.6
XYY8fIQljC0@00$ghHITbKox9*QWawRhDVUVZlsLclt5ULV,1948,[Swahili;Czech;Polish],8
APHT#@Tgn!dJHZ,1940,[Korean;Chinese - T;German;Arabic],3.3
3wRmzOb*kj5GeOVgMgssiRZd@0BL6VGW$PWwxI!,1995,[Swahili;English;Czech;Arabic],3.8
R3lc1V*rEV^xc%UO(itLQmTB0S4sAT*4nv6!$O*Cmud,1952,[Korean;Czech;Polish;English;Swahili],7.9
Hb(XF4NDA0w*#5YJAiYjoNXE4)b&BK(3@w1JSP46$7NmyD,1959,[Chinese - S;Swahili],7.3
pq2xAxuBTFNNoE7PaU!OWM(0MNT*H2pBkkEBtwibMgh)M*94,2009,[Dutch;Hindi;Spanish;Chinese - T],10
h%3u%Lm*f7xM7SYO6i%*0Zev02v@YZYLcOBz%l4IZq6*$h),1970,[Korean;Looooooooooooooooong],2.5
II,1937,[Polish;Turkish;Chinese - T],1.5
Y)aNLZ2yXmOfw44%Bip,1901,[Korean],1.7
*^px&vs9a4H*8,1919,[German;Looooooooooooooooong;English;Spanish;Japanese],5.6
86nYK311,1979,[Chinese - S;Korean;Japanese;Swahili],10
^r^EMf@EG3(mUL!*has@RtV4obZVz%,1913,[Russian;German],2
CmYd5h7jwfzAE9X,1993,[Czech;Russian;Polish;Chinese - T],7.5
mt((s!tj@pDqKuML9YjhNPIw6bLyWui,1909,[English;French],9.7
S,1978,[English],7.7
rD!#uy,1952,[French;Looooooooooooooooong;Chinese - S],6.3
)CpUnQDyasOHE2cIO*QY,1939,[Looooooooooooooooong;Spanish;Swahili],2.2
EaVFZ5@%g^Pk8LtCn)u)YD@3Z!D8@iRxQ,1927,[Chinese - T],8.1
$ZCN!PK8B!2cKiYiJ%fy*J6h2EDpj5,1953,[Turkish;Korean;Spanish;Czech],9.5
weQ$9#ngg(Xbch722qIpx9@G2!TSUK*BD8(EP08R%u&*,1936,[Chinese - T;Turkish;Polish],8.4
^YKTvRESOe)*)CRb7(8@AiOBNp!FUiAV)O^0,2014,[French;Russian],4.7
F2*CMH1&U3mp,1923,[Russian;Arabic;Hindi;Dutch;Welsh],9.6
E6Gva$ZN,1985,[English;Welsh;Hindi;Chinese - T],9.3
PhCZsx(E9py0j!Hpt%rXuw9!&UFuITZ7m3fHx,1966,[Welsh],10
Tflm,1932,[Looooooooooooooooong;Welsh],2
bYwG9Z2E$U^80Pcl*KUBT#VmI01Vk$bfp&Ep^LS0N7#!(FjY,2017,[Swahili;Korean;Spanish],2.2
aX2mFNXR0k9(ogKFWEgaMzYy5sTuDweOL2fX7#6rE,1978,[Polish],1.2
G&5@zKk3I(dQqqVGIsO(NPfNGR5wU!JKkEVD)j6az1e5,1937,[Chinese - S;Looooooooooooooooong],2.6
X9qW2BnQuSddQC*yaBrMj,1926,[Dutch;French],4.3
SCZkpiUY%*5kmMeJzC4pych0F,1978,[Swahili;Chinese - T;Czech;Looooooooooooooooong;Japanese],1.3
Jj%OZXoTNzNS8JQk,1926,[French;Korean;Looooooooooooooooong;Spanish],10
12H)pu19KjeBJkk7R@d%x9g%5@wy)g1c(W#@KMn)$F&^(g,1925,[Turkish;Spanish;Hindi;Chinese - T;German],5.9
%T2gahhkKClWPo9SR1)DCvVCoMD*,2015,[Dutch;Welsh;Polish;Spanish],7.5
VJ(9PwtPLR8yQB!x(Au!1T5qNrzXLxXH,1946,[Looooooooooooooooong;French;English],8.4
@dCNBggN6SpTOL4MFHj6mON12BsDRA2EUx2,1957,[Chinese - S],5.2
UtlxGL%%W4EjQpS64tJbQy$X,1922,[Chinese - T;Polish;Czech],4.4
0YpDPLuPiKto^MAq4VqEQ(U@ZYFDmrUl7EV9SDcrI*VT0,1932,[Spanish;Turkish;Korean;Dutch;Japanese],7.6
d&xrv6q1(J0HOFuRd*5A4yGO4,1912,[Spanish;Turkish;Looooooooooooooooong;French;Dutch],1.9
u,1991,[Chinese - S;Arabic;English],6.3
)zzgiKg)tv2V(QJJHP,1966,[Hindi;Looooooooooooooooong;Dutch;Turkish],9.7
vDZj06OyBv8jAJJwaJQKAhO6*,2021,[Welsh;Dutch;Chinese - S;Hindi;Spanish],4.2
CusvAVdxXMPPt1ekrZPOk9Bi$hZbrj(lBr%oX2eKqMTXr,2011,[Welsh;English],8.3
tigXd@n9cnA)m2dpaF@8te)C0Zr&Y)(@z8wyMo5v(,1986,[German],3.8
Q8F6g6p$)EXhbE#Y(Ay2uB5cKr4jjUw5K06ORiXWJZ4wRbh8,1990,[Spanish;Hindi;French;Russian;Looooooooooooooooong],9.4
5#G$eMWFh20fIj**3vUsV1mlNrbWY#zvcgf9EGX,1965,[Chinese - S;Hindi],7
9GH!(s,1914,[Welsh;Spanish;Turkish;English],6.7
Vx67J%d8(z!fkBFPYhzaHzdEnmn,1931,[English;Russian;Welsh;Spanish],8
NxdYJ7m3GNV(BRd6(UOcjkAvq,2005,[Polish;Swahili],3.4
*z5&0gSo6@swUUp!s0POzjr4erQsTWtv5$tgo8BsVD!KRUup,1984,[Japanese;English;Swahili;Chinese - S],6.3
GD0sxXWAVcgK^g%oqqBVzRbaJl5VWM$teymCOAsw1sWsVEvs,1951,[Turkish;English;Chinese - T],6.6
*MM70@iVjY3@7r6,1907,[Russian],2.4
AWEXpA86$FVh9bHTZZj(k!Ns4haM%y,1929,[German],8.3
Rg,2015,[Turkish;Chinese - T],2.4
3SZE7ITdrJv$A)(p$Dcbu)dpdW0*9!Wu&,1902,[Arabic;Hindi],7.6
@QBKQkKypXn*nhGnEQ4Ylltefa$vs670CWEA6c3urQjl,2015,[Arabic;Chinese - T;Welsh;Polish;Hindi],6.1
nYo(4TQ#gER4k%DDYH99t$^yEpNcuh^)SF4OJgQAAuPn,1904,[Welsh],3.1
vMHXFYEI0LiuCJf67XfF,1932,[Chinese - S],4.8
2Xm,1946,[Russian;German],7.4
YYb)7AV)1gt2PVJ,1999,[French;Polish],2.6
N)M#jzj!fD^EllEIa2^eCu,1987,[English;Japanese],5.2
J7$J5CmBL(LmZk,1923,[Korean;Spanish;Dutch;German],10
Xk@((f@Hq9DP4WDtj#pw8q7W^GQ%586HML#KjT58Z,1918,[Chinese - S],3.1
ztY715kjVhb&lrM@L#cuDHlj2kpO!)PZ2gQJ,1932,[Korean;Arabic],9.6
8a2J#VWmL705lw*eQ,1988,[Russian;English;Dutch;Polish],4.1
MdnNDxMqHIPkFIG$hTetcWWig5$eH(qewqh63Is89LP,1909,[Looooooooooooooooong;German;French;Hindi],1
mN(crHgGHLJ9kCq!x4oc*V$GV@t4%tXo^TSbxnv@Wo3T,1913,[Spanish;Dutch;Welsh;Arabic],1.8
E)xiU)ojdpbLTwzWPz5UC(,1970,[Chinese - T;Dutch;Spanish;Polish],9.9
a8p&Q8gulKKm,1993,[Swahili;Chinese - T],8.6
8qfBXbvwXW(Q5u(qc@)8^HdUC*feFJoACPo%YH8F@kXCl06,1918,[Russian;Hindi;Arabic;Korean],2.4
t%EjHkJog4DFuoHrmx0EV3,1939,[Czech;Hindi],7.7
@J8NHd&%(kHdwyHMITtLWmJhxSXna*@d3J,1962,[Czech;Swahili;Turkish],5.3
NDd$Fp8ZD4gErBVw*75d1&ph7@,1944,[Japanese;Polish;Hindi;Chinese - T;Welsh],2.2
cfNBoB,1914,[Spanish],7.6
Navk*K0YbXS&TT%q)n)281y#LGa(JP0EjUhNBA2Uu&!%iUty,2012,[Chinese - T;Czech],4.5
oXuh,1940,[French],3.4
Ns(KLbLn,1928,[English;Looooooooooooooooong;Polish;Korean;Russian],5.6
bwZ%EpQz3r$Fm1DTBRHfLgq,1976,[Spanish;Korean;Hindi;Japanese],8.3
SHl#be@qD,2015,[Swahili;Dutch;Chinese - T;Spanish;German],9.4
1y3JuYsKZxRDWYz#,1925,[Chinese - T;Spanish;Dutch],9.3
5hDmUg2A*7nXi3mKxfslo*9@m4r%erAt9kv4Oe#lMxFM,1949,[Russian;Polish;Korean;Chinese - S],7.8
4Bi5Wt7JnuWB*fN)WwkH7XeVoU!EddadFSbq1grHf4Ws(D2Q@),1913,[Spanish;Chinese - T;English],4.4
jmFEpR!Jmr(^AfolOCaNvFk&fIbnSpY43N@H^g&iG6WLIx,1913,[Spanish;Polish;Chinese - S;Welsh;Russian],8.2
7M@tff9eCJUnrWzGm,1916,[Spanish;Korean],5.7
f^lu@4v,1966,[Chinese - S;Spanish;Arabic],2
sAup5*D@4V6rtUH)8!xs,2009,[Russian;Polish;Japanese;Looooooooooooooooong;French],8.7
YOysn^J*&a6)E)FnZ1wZU)VYZSsGmlYCEMGt,2000,[Japanese],1.3
W5Ed0M)VxWc8p^0X,1948,[Arabic;Dutch;Looooooooooooooooong],5.5
#ctfk()&!Nf@tkPd35wPpkL7L6Z&Qf0(GgZoAW#HhJGv4&vs,1904,[Russian;Japanese],9.4
Gcf*FF*F8ZhZj*4ZtmRRKaa(I(Vj$Z%w%T!SYm,1921,[Looooooooooooooooong;German;Hindi;Spanish;Russian],8.2
o!E%!TLHB@6Uy&Z$,1901,[Swahili;Czech;Dutch;Spanish;Welsh],9.4
gxSxJIRJ&Q(EHW,1937,[Russian;Korean;French],6.9
A^U#HY5$Q$3z(!l5R*M2brc)xfJ!GYY&RZVr83e*BsE8@N^gd,1952,[Russian;Chinese - T;Korean;Welsh;Swahili],10
bs%FPI7O$dwjce!07w@(@dghBQl)QA5DKI,1997,[Chinese - T;Polish],10
P#xAVFKlR(#JCLqlHEtJV4,1958,[Chinese - T;English;Korean;Russian;Chinese - S],8.5
mvZ!mNYY,1965,[Looooooooooooooooong;Welsh;German;Swahili;Polish],5.4
fu6Y,1911,[Chinese - T;Czech;French;Welsh;Looooooooooooooooong],6.1
%8Vi,2016,[Japanese],7.4
L*7ZvEsg!E(Xh1(eNKe0ds*3naohKRA)$m18ro2a,2007,[Hindi;French;German],4.8
Bvq()SMQ7ho46y$PG^ZnpKvLVpaF2v#SE,1969,[Russian;Polish],6.4
uJ$4sxd%,2002,[Chinese - T;French;English;Korean],5.9
SXuuYkCo&ZN^ZgdPbyEAPyEzBhNrA(3kKi2aDWo$cQ7cU02W,1947,[Czech;Chinese - T;Turkish;Welsh;English],8.7
SA)z)bQ2cS%7knzSD$NiBZo^5K0$#3ATtYnTCkvV9Ko,2019,[Russian;Arabic],10
#Ei*PQGoapG$!@mWe1xqG@04,1971,[Dutch;Japanese],8.2
G(t01$MUsUZRdIarDxb,2005,[Korean;French],9.5
chU,1933,[Looooooooooooooooong;Japanese;German],1.9
l,1984,[Spanish],2.4
x^@28$@Do@Aw6QR1LZefUi1,1992,[Welsh;Chinese - S;Polish;Spanish;Arabic],4.1
twIy2!wbAKe,1957,[Dutch;Chinese - T;Welsh;Japanese],6.2
78HgslV(LACm^t*O$RWibjywV4i%Rx4Uo6IM,1901,[Japanese;Swahili;English;Czech],5.3
WvoQbnC%CZ%0T8%F^gvLO9qhAOI#P!@Et!WGEzJ9C38,2000,[Welsh],1.3
le1e3Y2gF,2010,[Welsh;Hindi;English;Dutch],9.7
RN2j*uvx$)AtCx5zYArICc^dh#n@wf#2W$5BER^nWG04L,1957,[German;English;Japanese;Arabic],5.2
7Qw9age4WMD#vdCU4bkabs(SUA7@#GVH@,2016,[Russian],5.9
^hajSZ1et5uz)nQq9bIz,1981,[Polish;Hindi],6.9
Mdh(AIQYi45!^ivzmd@rU7,1933,[Chinese - S;Looooooooooooooooong;Russian],6.6
te6q6CpgW79qsgDbkyYdn7mR&$y,1962,[Polish;French;Welsh],6.3
G8)LZ)4DRusMo%Pz3xX,1919,[German;Korean;Spanish],5.6
GS!A24$4c4dYJWUw01p3M8SUT3lcUrkAvPepLHn3mOd9#0NY,1924,[English],8.1
YPDTx^^Oa7L2ZG8vH@vIj3hCTc,1902,[Spanish;Polish;Welsh;Korean;English],4.8
nVct6qxFMCvtV#IHhEYN5@tXEXU$j@qt$T*@h^Nk@6$DdC,1971,[German;Welsh;Chinese - T;Czech;Dutch],5.9
8bdj^@59rskwrWB6#M@L64mq9tk5vU,1949,[Hindi;German],4.2
jjO7tLHgGmeS7QzH7CWjAEgf7cGEFGLQY,1986,[Dutch;Looooooooooooooooong;Arabic],2.3
M9ygKkvt!QA%OBFT*@4WfGI$Dz#*UTeh04B$XyaD(r)5TVI,1988,[Korean;Looooooooooooooooong;German;Swahili],3.3
YJgDdGa14RkPexhWn5pofFdnZiFdmEK,1936,[Chinese - T],8.3
bFnspK9wfFx0Ln3k,1948,[Japanese;German],9.4
av($w6MaOV*o7wR$2)PxnlhMJWC),1947,[Swahili;Welsh;Chinese - S;Russian],3
1D4Kvpk9VZ#!)L9h9%)uJ^,1943,[Japanese],9.9
IwOZ6DI7QLm,1946,[Spanish;Polish;Welsh;Swahili;French],3.5
!w9MpFLMh7cx9sp!NrZ7#dw1Vc&b!HWldHouN@SRIGptqe,1922,[Japanese;Chinese - T;Swahili;Turkish;Russian],8.5
pXG!$OCiuY$281I2468G6j52UTpBtwsG*HfxXn6w@vFPP,1908,[Dutch;German;Arabic],8.8
0UASL&X8D,1992,[Hindi;Russian],5.5
dko4qhSLyhzcdyDw1nl,1942,[French;Japanese;Polish],2.9
v04Y8Lj^Xl9p!LncY)!qmeT6RXbDn)rFZ1MVy*s0oY75v,2018,[Japanese;Swahili;Polish],3.4
CD0!Ungg6KU9Og12OKAdZ@t^gK0AKP^Hb&RQB!,1947,[Swahili;Chinese - S;Czech;Russian;Japanese],2.9
KwB&io0MoRLiiY(E*#3e!fs6v0juzl1tOOL3jVXKo&bf,2009,[Welsh],7.6
ZDf!G1l$,1946,[Welsh;Czech;English;Spanish],7.7
B&Wk0Upye!wiSIj9DIEaHkax73OdCFmSs(d,1971,[Turkish;Russian;Korean;Hindi],5.4
h*Siyb*UY0N)5QKVrYnNk7Q,1966,[Hindi;Chinese - S;Russian],8
#zMX7hLV&Uw@9eG!iPuTtNdj@NJYftQ)$0m,1995,[Russian;Spanish],9.6
^BiF)WLwR3&Dv(W8*cmJYhN%F*g#umx,1952,[Looooooooooooooooong;Korean;English;Polish],4.5
h&52KteZoe1z$@o@,1907,[Korean],4.7
BHT$XHfNB7!q8JrvPF6qMX(&OeOb7Uv@tvkViwFY8b4E,1984,[Korean;French;Chinese - T;German;Hindi],8.1
O$Nir@RQV63hMAvGLj5Cz)!2S8eN2P18fq8U4#Yllf3@U9,2002,[Polish;Korean;Russian],3.8
fvQ,1952,[Czech],8.9
AMRemcuA81f&gx7^v*j%R3cayGZSM,1938,[Hindi],3.2
AYS24,1939,[Swahili;German;Hindi;Welsh],3
nkKXAenR3^B&kzS5ZbJs0,1943,[English;Swahili;Czech;Hindi],7.2
$CXGeHYF90TbwDy(UG22y)h*ZWRZ)qxQDIw,1973,[German;Korean;Czech;Russian;Spanish],6.6
f&@XIPKVj%FdXV#WVv7YAzfa$,2006,[Dutch],9.4
HUN3EVo5heckWuz06cL9O9qNPHB(i!Y,1974,[Swahili;Japanese;Korean;English],9.6
&DTs(IP3bH*mtdV6,1968,[Welsh;English;Arabic],3.9
*ER,1901,[Chinese - T;Japanese;Hindi;Turkish],6.9
jE5g,1987,[Swahili;Russian;Looooooooooooooooong;Spanish;Polish],2.9
tWsCibegi7kF%p#Uu&G3CHsqQscLUAHsUk$,1944,[Hindi;Japanese;Dutch;Russian;Chinese - T],7.1
NoQbfv&t3C,1980,[Hindi],6.4
asD9b&vY1a8Wj%#ao^WCsHFs^)Rf%V%,1902,[Spanish;Japanese;Korean],9.8
Ty2,1948,[Russian;Polish;German],6.5
Yh#a1uP!aqQNqkQH^gnBB3&gOU$QxWkZ9)Pm,1923,[Chinese - T],5.2
n$2rR*3oj6E@fi$&uxHUw3Tk!EEOjM2!WBI,1923,[Korean;Japanese;German;Swahili],8.6
muxRn9zg,2010,[Arabic;Chinese - T],4.5
L0YH%G^A#fp1qK,1917,[Czech;Welsh],9.3
wuas$i8$W8yQl(HIgF!gA!#iFy$^v5,1944,[Chinese - T],4.4
0q@Kr!iecwiw(UMnZECtTVO8Kj*LuyQmHLHG&s2Mp39QnbfU6,1970,[Korean;French;Hindi;Arabic;Chinese - T],10
m^WTh6hZWWokO9vNoCFWnCL,2011,[Swahili;Japanese;Dutch;Russian;Korean],7.1
w(rZK&76Ss!BNrGikyUuG%0^9A^CoObC,1924,[Russian],7.4
5eSfJLP4J0LX(lbtxH5IRBSN!EAQmo&oHCgcsLxd(I*447),1934,[English],1.1
$CxeviydxZ5@Ma^Aq2Enw$&c4pHn4c,1980,[English;Dutch],7.3
OlL&JpbV%wF9v3URjuJF4G*1UvSR,1979,[Looooooooooooooooong;Polish;Swahili],6.5
o%SMTNkJQ)dXT1zjcLVwZ$OdVo04G25cwAxR1yutiYCmA0Q,2001,[Korean;Turkish;Arabic],7.7
oqdoG(OY,1912,[French;Swahili;Arabic;Dutch;Spanish],6.2
pdhMRKnwLacY%lBLE,1910,[Korean;Dutch;Spanish;Arabic],5.6
enfd6LlBZWJR(2z0eZZP(QUNyWEJ(VQQ^DJ0L2hPo,1923,[Turkish;Korean],1.9
8H&)GtGzJ5T9G^GAGbHqP$%$Z%lG5fVGCYYHMcs6!maE,1931,[Swahili;Arabic;Spanish;Looooooooooooooooong;Russian],3.2
1nV,2004,[Arabic;Russian],8.1
2@^MwUcA5$scA4sGrhcgf@Hha3oJCEziBbTObJQ9$qw(PP,2007,[Arabic;Korean;Looooooooooooooooong;French;Polish],3.2
4bQlW$WkxmvxITsd@r2PON#5k!syz1L,1976,[Turkish;Czech;Polish;Swahili],5.8
U6^3rXYbh%&&zChw(pFv)V,1962,[French],5.8
ebN33WtjN3YYxFV!Bf)UWEWYf56YePLZ9YS9$v)7%hZY6fGf%,1976,[Russian;Turkish;French],10
OZp$BFflh*BAKKKakoe2RY@k#FtF&RWNH^qJUJt8xWCXvcu5N,1919,[Turkish;Spanish;Welsh],8.2
bry^1entzNq(x!AtZS3ouxVIf3t%86F(lm4Oec6NYI)ru,1986,[Looooooooooooooooong;Turkish;Chinese - S],6
hrIMLqz19WK$sq#WumAxy%3LLl6,1971,[Swahili;Chinese - T;English;Hindi;Russian],2.5
(TYUKO2PL2IB5UR0ZnI*L!k4RbrCxDuoK(My&07ilBe8gV5*H3,1924,[French;Polish;English;German],5.2
DQ&PW,1919,[French],5.7
8XuO47kY!^7GrJFMUCPuhhXeXaC28r,1918,[Hindi;Dutch],4.5
x,1913,[Arabic;Chinese - T],5
P##Rl97!K(5Rj!R@f4wHs5MjZ@KEXMM9Rp2wy4,1952,[Dutch],7
eLmiVqEYS(!Bl%ecenugWjs,1963,[Russian;Arabic;Chinese - T;Japanese;French],6.4
fEPPXC4C8)I0ooXZKH8IZBYH%,2000,[Chinese - T],1.7
DFOOe,1977,[Arabic;Chinese - T],8.4
8%cu6WMEO(UVLrYbHGIV$fzJyKtFTSC*5eH,1978,[Dutch;Korean;Swahili],3.9
$bS#U@g,1992,[Chinese - S;Welsh;English;Swahili],5.2
essNf!Rway*nz,1909,[Japanese],5
^lIgOlTV$mrUZW$1HAza64cU4D&NZuJ1,2019,[Spanish;Looooooooooooooooong],1.2
i1MmxCzd%@3J1z%zzoXu$f@VsJos#vqj(^,1991,[Swahili],4.5
Wlm70ekvMIGG2hcAZY589YjS#HpRQDRAL1@,1915,[Polish;German],7
0^c4KcazLO#5XDh!J@SIFId,1951,[French;Japanese;Spanish],3.7
e^tdLHXiIDD1n,1978,[Hindi],1.9
PLkdxYyoJ)mZHsj$6n0,1968,[Czech;Polish;German;Korean;Spanish],3.8
*nNzxwUyW4b5,1902,[Welsh;Polish],6.6
RK8LM#cLewdNVOPLG)@zSKjjRGN(PE!*(Q9Wx!%D63gML!,1910,[Polish;Russian;Chinese - T;German;Hindi],9.1
HjPG,2015,[Japanese;Chinese - T],7
SlPY#WD1i2@9iZ2CoELMu%nX$N5hn%9m$kHXc$K5y9w@*(,2012,[Korean;Looooooooooooooooong;French;German],5.7
GMddVFQ%6LOW*FflOiSmK*wIY96FQCG1xWL3,1971,[Russian;Chinese - T;Japanese],5.2
vK8fVtIk2(UG4c,1946,[French;Spanish],3.6
Ji0^Do&YanEPsDF&l^xqIerx^4^!NFdbCMhmb1Nc3Pdpb8o,1978,[Looooooooooooooooong;Hindi;Russian],6.7
qpbniaD$yi0FT&ilJPy,1927,[English;Swahili;Polish;Korean;Turkish],9.1
XtEU6LRF7CDxN,1918,[Czech;Turkish;Chinese - S;German;Arabic],7.7
SF5GZk$O4rzY35Hu!ufw2$&&*QqVmsscIJdW1HNNhnVmWJIcx,1997,[Polish;Welsh],4.3
9xUEy8gvPFX%eW9@zQ9qw0o^#I@a3)$oR1GEZY,1983,[Korean;French],5
Tyjv$s8)R,1951,[Korean;Arabic;Chinese - T;Swahili;German],5.6
YBAZz0wnaidBB,1993,[German;Looooooooooooooooong;Chinese - T;Welsh],1.2
cSSWhRq$j*q@,1919,[Chinese - S;Japanese;Arabic;German],7.9
c^bHYeLIS&Arzfhgl5t1$j1&JNynDuc%2KdDoZ(wM#A&hX2WZ,1902,[Chinese - T;Turkish],7.6
JUBSk*weTkSCb%8f#d8Qv)!IjKLtlEbr#ivMyse!f5M9l,1932,[French;Czech;Korean;Welsh;Spanish],6.8
ihdO6@Yo3nzrFfbI*YXaKDb3w7MnTr2MVgc@RGvSquA,1989,[Chinese - S;Spanish;French;Czech],8.3
yeNx&%QovZqtRpmN7tlBe5rwrVXoKj&@^B,1918,[Welsh],2.4
bK)Omubok!n@sy^7U(72G@h1NUocYmv752^p7h2#E6ecRN4z,2020,[Japanese],10
!ufjW@T,2012,[Turkish;English;Looooooooooooooooong],4.8
Uk#5)9MbVHS7Q5^qrkHHM&e2u3J%4Y(jfZtH2xWxIB!6oTPU,1916,[Looooooooooooooooong;Spanish;German;Chinese - T;Korean],8.1
SU0OKUhgH,2008,[Chinese - S;Welsh;Dutch;Hindi;Looooooooooooooooong],3.4
ig4D%JG%F2!h1NvM@@U@yVp*yB(WUJEnX0!Xz6,1921,[Arabic;Spanish],1.2
WXEo@j&f4et2B2!l@Gm8M!u6zJv,1981,[Polish],10
jKnjs*rrGMJqMu,1985,[Welsh],9.2
@X3Jw0Z5Y63iR9^KSv%BUS,1987,[Polish;Hindi],4.6
Ulb6iIa287JBL0VsrtDtyERkhAbN5px^yQSa@a0,2011,[Japanese;French;Arabic;Turkish;Czech],3.4
NT0TMWWPtQ)CTbwOQgc$1vMbP7aTqoR4,1937,[French;Korean;Arabic],2.2
Jm&CsqewTsdLLjmJfZxmAV@*tD,1983,[Dutch;Japanese;Hindi],1.4
8PxV&,1970,[Korean;French],7.8
EAulyr7^jRrnmluhZr@SKMVh,2021,[Hindi;Looooooooooooooooong],8.1
jKFxkKSf%Zju^A1VB71$mVSMt@q$t(LR(VPTa^#jQ^AR6g,1930,[Chinese - S;Chinese - T],4.7
$oa5bQk7,1985,[Looooooooooooooooong;Welsh],9.7
@q7cuprdSI(yFQI&GjsHo,2012,[Looooooooooooooooong],4.9
row9,1951,[Russian;Arabic;Looooooooooooooooong;Chinese - S],7.1
pHhQ,1974,[Spanish;Hindi;Dutch;Russian],6.3
P8zVEBtq)$!zx4RKF)XYc@,2002,[Welsh;German],3.2
)BNsb@6WdITDlSZew,1940,[Czech;Looooooooooooooooong;Turkish;Swahili;Welsh],6.3
lGUxTj@%gYZNL7KVv8*7K5qXI#A%u!E,2005,[Chinese - S],9.7
EZ&fWjGjvUm97Kl^qhLUTSKYhpOCnD5da7y,1951,[Czech;Spanish;Polish],6.4
*i)H*)a*29QsPJ@70uogoQ&Edl6kFFyFI2LF#xK1PVCvv,1900,[Russian;Spanish;Chinese - T;Dutch],10
YB6^XQmW%vzoU#^$n%X49(nbl^b7^1EtWU^%t)s$sk,1966,[Czech],1.2
ivXLJF!wsF8i*jB4xfd&@IfaD!^XbKMuy6qPYfUeHI,1931,[Japanese;Chinese - T;French],1.8
@XITCbM4gKMysEmR,1937,[Arabic;Welsh],3
RC,1951,[Arabic;Turkish;Russian;French],10
Ny*!,1934,[German],3.9
4#jwG&QH(CcQD#1ZRdUA6cLEYVLAkZKWuH,1965,[Dutch;Welsh;Arabic],9.3
b1j#17@pV(NBCXdBs^mx5BMCb4T$UfkoHK%FGzLqisPX8Vg6*,1993,[Korean],8.5
^x7#p5)@^O#7uX)!rrjpwLOFYaJqaV%!94RR(,1997,[French;Welsh;Chinese - T;Spanish;Hindi],1.9
bhr)5$HC(,1928,[Hindi],9.7
^FNmqQFTSg)#)H,1983,[German],10
L1yaD,1951,[Hindi;Japanese;Chinese - S;Welsh;French],4.3
%zxv$*4ufnV0hsrK,1986,[Polish;English;Swahili;French],8.2
QJ$RFOiUu&qYhk,1939,[Polish;Chinese - S],6.7
ZbJ1(g#ChLzZTQFfh,1962,[French],6.4
VwDQ3)4vVy7Y3dbcbemenqSd^$1SNEifOs3W5lYP$9ToL,2017,[Chinese - S],2.2
*fegoMvKaClxM9HBN5Xvnitpkaj$a$xYM^^Wx1,1916,[Polish],8.3
geF8!#zvIx(xvT17e8zy3s7)ZHR07C3KBlaAY,1984,[Looooooooooooooooong;German;Czech;Chinese - S;Hindi],2.3
elBAs64$EM,1934,[Welsh;Japanese;Hindi;Arabic;Korean],5.3
bmfiRRq8tC#5,1915,[Welsh;Arabic],7.8
rb5fzo!vA3vlU(X9OgHd3GkDYv9Cn5ie!3WA3Dlj%(,1902,[Looooooooooooooooong],10
^oP7!syduBNdjLOf^UmlG,1901,[French;Chinese - S;Hindi],10
WEiyIQ3^Zm0ZpE)CF,1926,[Swahili;French;Welsh;Czech;Dutch],6.4
jGj#Y$oD!A5mznz#N^cVlkKS(adlM34aL!1Tsn5hb*YNx,1907,[Turkish;Russian;German],3.1
w&#v6f$@dayzUIiuHL*vV3p3)m&4oRocUiuI1tl01tFvjR,1901,[Welsh;French;Polish;Japanese;Swahili],4.2
E1,1939,[Japanese;Swahili;Turkish;Dutch],10
TqR,1904,[Hindi;Turkish;French;Russian],2.9
UpF4r(wPDcz8e$jKA9Tee)KbtOz@8$*2bNmf,1901,[Russian;Welsh;Czech;Turkish;French],1.1
MnrVqQFzl4Xp@gm%jL4q!uRR%T7#n,2021,[Hindi],9.7
eY2i$7zAa^jkKiviI!2l#wd*IoGQ,2003,[German;Swahili],7.2
D4Q61Q)DaUHM0gyrjkC9SxMpuQU8y9NWRWzE3,1922,[Turkish;Japanese],5.1
mVMvh&nJ6mdk&mM&s4ymR*fWrzGt8b%%cZLjrN6U78zQtd%EM,1948,[German;Japanese;Russian;Turkish;Chinese - S],7.7
$w$QrjxFi*VXISqi^0$A8y@^m,1986,[Chinese - T;Arabic;Russian;Swahili;Hindi],10
2O3lNwd715#UuHv!W(Pk0bz^28)(1PzEV,1975,[Czech;Japanese;Arabic;Looooooooooooooooong],6.4
QKVbtcWiZwC2A3eNFaE&9v6COxc%8rl@R,1942,[Hindi;Japanese;English;Arabic],8.4
16Q,1982,[Arabic;Swahili],1.2
!s^mu^s@yTGD$x6^Ols1tj(%!^EMtaHxOkqWUYalm6!,1911,[Swahili;Polish;German],6.5
yPENstzUnvh(b@qMM9JLdxcInkgp$#Wjm#@%x4IBKj6U,1991,[French],4.8
XDgEM@8ZgdVTYato6Xrpc0Odjhw%N)w1JX,1975,[Swahili;German;Russian],9.9
D&mC9HmY#NV1ry*csYO^m6G4r8inJJsz^B8)S7NHZw)!Jm,2006,[Korean;Chinese - S;French],3.1
rmMImY0cRUFX216FHUpSLDhAYh*Iw(qJ3sgj#ufV0iIA,1941,[Spanish;Czech;Swahili;French],8.8
nEqGREJ^^P@Gi38yC^,1957,[Japanese;Turkish;Czech;Swahili;Hindi],10
pfg5WZGp($LyP8f1$giC@Ikq3w6gWf*CfgtE$0U&vXSWBTkm,1902,[French;Polish],9.3
5ugIoy@6ZFtZ!F5A5Yj&I&P,1980,[Welsh],2.9
qXj8jcYNOhA3fPs^jK&4IeFRc)@dD%WymwdE7#B,1913,[Hindi],9.4
Ja#&mmb!3RBcyzK8bx8m7AH7hNTzcP,1906,[Hindi;Chinese - S;Swahili;Turkish;Welsh],8
q3RXK&uuD*I8rYr2uHt1xjzbF,1963,[Spanish;Chinese - T;Swahili],4.1
55Cd2@7zTORmNJb4&f)giPo9u,1948,[German;Chinese - S],6.2
dUgL4kt#jMKC8d#v!YkBW@BM6shyzw&vCSOKeY)d5^edxtz8T,1982,[Russian],10
fYl7MLO5K!faZiw,1970,[Turkish;English],10
97*&yzZOHpEic93UsZnz9c9Z*&7BtHuWpZcVG*JXVjf73GXI,2001,[Russian;Spanish;Swahili;Looooooooooooooooong;Korean],2.7
jJPQyQCzjwrbcLJJe12WFi0dGMspYoKc^ohL@xfx,1985,[Welsh;Japanese;German],7.5
S$ZRiucbUsZb%g3IO9wjdQt,1909,[Polish;German;Japanese],2
a!pe0DkP2$vojmkfaCMzoDZ#5butrwXXr%HY2ye#DQrzKOiW,1915,[Chinese - T;Looooooooooooooooong;Korean;Polish],6
18ACwzf1K,2014,[Arabic],7.3
$s#Up6fSCU&%h2&NO^M,1963,[Looooooooooooooooong;English;Korean;French],9
H1MyHOTpMG*kmyDnqI0(Y,1963,[English;Welsh],6.2
tu!b#gfUjcwv&kx,1977,[Hindi;Japanese;Korean;Spanish;Dutch],8.1
*@S#1U)w6kk7iUdn1DOY$!YytQXW9gW3ZWdp,1979,[Arabic],2.4
kGaa$XRCNEb,1902,[Czech;Arabic;German;Korean;Chinese - S],10
cC*HI(03ziAr6VJJxk%n%McXKyX&o^n$Ee0CygpdOTZs)sK#2,1910,[Turkish;Russian;Welsh],5.5
DA9#%i$6w(VRj1*P53pE,1967,[Welsh;Dutch;Chinese - S;Korean],1.2
De^5pBTl&*2,1982,[Japanese;Looooooooooooooooong;Welsh;Chinese - T],3
zK^kGXGI&bQsrX1lUc^DwWM8mAW(DBBmCMIaXlwJ&$7cF(n,1919,[Japanese;Dutch;Polish;Spanish;German],2
U2wR10lN$iWUv8@i,1977,[German;Turkish;Dutch],8.8
3725Vxf8hyiJfp#$m5Ev@V%@ey@BKimRQ,1975,[Welsh;Japanese;Korean],7.4
QHtcM#A631)TnIS1CrD0SLk7aBYpVKENhKl&e@,1960,[Chinese - S;Dutch;English],6.8
xHdz$Y8,1957,[Spanish],10
awF%VNGM&aOAfoeU5f5TOlDXOKw%Th@KI@cnU#@#D5^K,1945,[Polish],7.3
l$XxrI7DIa,1922,[German;Spanish;Looooooooooooooooong],1.1
15bvGsaHditxyTG13XMa4W1m,1914,[Russian;Japanese;Turkish;French;Czech],6.9
A%9%LLYuXE9O,1989,[Korean],2.6
ht!orEmpl9C24Luj(VDCXz5ZqqAOwoJ@1$kWI8xUg3LsSbGB,1948,[Dutch;Spanish],7.1
BDzOPIUG1ioYC38C62hysFA$k)6G*ZaJNoDN@xz,1966,[Hindi;French;Swahili;Polish],1.2
UU@csNM0@COwfaG(gm$2H!UMdMR%Fpc3r,1935,[Japanese],4.3
k^Wsh1oHtw3le&FAr3bWjU^xAgcQn^C2gmY^$pW5hN6,1966,[Welsh;Chinese - T;German],8
59XIlEk3lBp8BbkWAD,2016,[Swahili;English],5.5
j&*Cgo4sGVg,1983,[Polish;French;Russian;English;German],3.7
j*JlGMTzzz*)Tw,1964,[English;Chinese - T;Korean;Polish;Chinese - S],4.7
#D04P)4YklV,1977,[Arabic;French],10
hZ8mi6opd(8wHRDmy,1967,[Looooooooooooooooong;Dutch;German;English],5.8
$cIh6W$2BK*fVjU4S^xhs,1946,[Dutch],2.6
Cy458(G972zI)LdSj*Mc4wAji(86b9SelNNgNVllkkVX,1954,[German;Polish],7
q%OZ@Kz^N%LMD!GY2T1exuJ#TFs)b$w*Qk,1906,[Turkish;Japanese;Arabic;Russian],9.3
pXv&U)ON,1989,[Korean;Chinese - S;Arabic;Welsh;Polish],4.2
(UKoTmS9^jQCk)qfFobBxfo11)(N(qzA,2019,[Turkish;English;French],3.2
XG!pKOC$#2SEtALCGzXrpRR@yh*gT#$n(6,1996,[Spanish;French;Chinese - T],10
R5sLZ,1960,[Chinese - S;German],3.7
*gHmDtL,1923,[Korean;Spanish],5.6
yAEhQqac%KnI,2001,[Korean;Welsh],6.6
tjSlSylG9d20QeaopnLCqf@l)jBGV@Hq&c%6dW*!l!,1970,[Arabic;Chinese - S;English;Welsh;Russian],5.9
KaYCDQB8$h9AtSWp,1978,[Arabic],6.5
d1%^OE^Cfw1mK1,1953,[Hindi],8.4
RrXBI6Zhb&P0^&^bT#TOgkRSLfAl,1989,[Looooooooooooooooong],7.3
^0mD#YDwHTguFoHjsGd!X8hxAoUtLFPXPWPA9NRnh,1903,[Turkish],2.1
$&sJQbtxgBDv%0rZtf9MUy12O*^kuBLFGgi,1971,[Japanese;Swahili],1.4
YBU7,1941,[Hindi;Korean],3.1
J!175V1(WRMJ08kxkn$7lcJryRxDnn,1997,[Hindi;Korean],9.9
@FNikcb,1909,[Polish],10
8!&6mcTsun,1977,[Hindi;Chinese - T;Turkish;Czech;French],10
sD$i,2009,[Hindi;English;Spanish;Welsh;Japanese],4.6
XT7ECr!SIuuZgsXMOX,1969,[French;Arabic;Chinese - S],6.3
FfAsjJ1lNCoVRDAW*AYNHvOiXSz,1913,[Japanese],6.9
G2x2)fKL*KRg4h5nV73%Az$AT9GRnMs29DDS$w),1915,[Czech;Polish;Looooooooooooooooong;Swahili;Hindi],9.4
Ts82ZSsgQiaFHHZhCzxfA8,1954,[Turkish;Hindi;Welsh;Spanish;French],7.8
GxX3r3Xfo*3(Cos&9lIWbHAPyTif8NogL0C(7%0QBs%9sE!,1943,[French],2.5
SzCa4Ww,1913,[Korean;German;Swahili;French],8.4
X(O2A5w,1994,[Czech;Welsh;Korean],2
1^)ig^XbUflwZMC4%0eU!x0,1907,[Chinese - S;Chinese - T;Spanish;Turkish;French],5.1
CN7GngIxUJcbmpQRn&MNZsr#Ac3ElFrUX3D((HlME,1917,[Korean;French;Russian;Arabic;Looooooooooooooooong],8.5
MyOgLwrAqfKy78^uUz2@,1933,[Dutch],2
&ko9zpc9OKeQfRz(ydI#uqnA$48Ui#Kc,1931,[French;Hindi;Swahili],5.9
B1R9cThJ9@P5UAc@!2kPi$c4uw^Ce,1976,[Looooooooooooooooong],5.5
xkOPlTWT2NUAq2Cqr^Kppy(WDtH#%mL&f48LQ2CF2jAyin,1946,[Dutch;Czech],4.8
N$bA63htI@$63QAtZn,1900,[Korean;German;Spanish],10
5X6iFIRL9sPS,1970,[Swahili],5.1
uXqTz!d%8I0xmfdgtLbQ1fZ,1986,[Polish;Czech;Russian;Swahili],10
I!zXpi)wx%Y1J^4wa(RrQGweOHel$L0FH,1991,[Korean;Turkish;Czech],10
P9ZFVfkafD*Pq3q$53&(Un@loYfZ,2017,[Polish;Spanish;Arabic],5.4
OB)D2mUIk@yQL,1923,[Dutch;Turkish;Russian],3.5
Vja!KiXstGM(61rPH8FpsCTdk31K^DP(rbXqG,1950,[Welsh;Polish;Russian;Hindi],8.7
(JrTYWB,1952,[Looooooooooooooooong;Chinese - S;Dutch;Spanish],6.4
o%SL$Ef@vql@A4h9Im4K8MYcuu*F#,1965,[Hindi;Chinese - T;French;Spanish;Turkish],9.2
R7N4i0%PqPd7mm##p$j(SlDXEdz#cCQYPEscy!15zwC0a#,2005,[Russian;Arabic;French;Welsh],4.6
X6DY^ALO5bcrQ&d1n7%sNRTIFAXVpWTZHUOxnlrt,2003,[Japanese;Turkish;Welsh;English],10
EWEz^1)gdUN08QSOFnM7KDOHTS^MsUI5^M,1974,[Japanese;Dutch;Arabic],6.3
eZW0%18T7(LtnrYFXwcFIbvqScFESVG%LD,1995,[English;Chinese - S;Korean;Dutch],10
hzglu5Wp6M%T4!&#m66KOGr,1934,[Arabic;Korean],8
!(wnK4diB2AoTdu*PtR,1996,[Polish;English;Welsh],4.9
92dYcxFIfCKGfv5xXKyS,1980,[Czech;Chinese - S;Chinese - T;Russian],10
rRGRnEkR3i!&W$OTyplQLCXCf4T%7CzIbIEMqY(WJsprPs7!,1935,[Dutch;Polish],7.7
GvG*nW!N$OyhHT89GiG9%#UiY%gUP4VzSX,1945,[Arabic],9.6
gFUAIOPwc,1982,[Korean],8.2
ggJ@WjXM(v$Mu!AX7RoiLXISZ0fF&H3qE1kQWXQvcM,1928,[Dutch],9.7
NG))HLlRYwECh!ZgSHlmc^EIK5r,1943,[Arabic;Welsh;Turkish;German],4.1
#lRgiECu,1913,[Swahili;Looooooooooooooooong;Russian;Polish],10
XpBNRGsNVZLYieD^Xcvirq6nfI^O5,1913,[Chinese - T],1.6
ZzfkOipWGc(R,2016,[French;Welsh],5.8
!BDH29BNIFu361QQxd%6(564tzq4sO!2G8GP,2000,[Czech;German;French;Arabic;Hindi],8.7
aDmjx$VJrZ3snqX0R5R@a9I0*e(6DgKDH,1954,[Hindi],5.1
0r^DhM(A!w5EU$F$0eE!7lSc%Uo9ePiNE4&RfRWEysTOX)(q54,2001,[Czech],5
z12f#nG0!y,2014,[Czech],8.4
R$Fs2upd9L6Hg2YYr1nu4boxiF&lH6wvhRMyrPZRVnOVSNIg4#,1936,[Arabic;Looooooooooooooooong;Welsh;English;German],5.8
DR6)uAJ,1954,[Turkish;Japanese],4.9
%J)wk^z*XPJ4c8F^v5KG!pm#!cWXPSGCIt883eiQ^L,2004,[Chinese - S;Russian;Spanish],7.8
v^wHfP*EZwm9U4Twy71sW$L,1962,[Swahili;English;Russian;Japanese;Polish],8.5
*6D7xBiP4e!C,2020,[Looooooooooooooooong;Chinese - S;French;Czech;Swahili],6.6
ei*l,1936,[German;Welsh;French;Hindi],4.4
(*rkQOrqBJL%V!Y3vAu2pjAsw,2019,[Dutch],7.3
ikr$RfbLIbmCQNH)yc8kD#t59PuJfYaZki%!O(,1992,[Turkish;French;German],4.5
uU,1975,[Russian;Polish;Turkish;French;Spanish],1.2
!odoxRRZmCE*6oMk&FVIPMA,2016,[Looooooooooooooooong;Czech;Swahili;German;Turkish],5.9
zYosBdtDG9OqGVkQeKQw0R!$A0dU@jTbdevQmUUL&AIfaK,1920,[Swahili;Japanese],7.2
O4LNVB(V38VbJg@ExU3DEOo@D@IhPOX,1914,[French;Korean;Swahili;Russian;Hindi],2.6
rI!sgh(W#95m5Gx1N,1962,[Hindi;Arabic;Spanish;Korean],2.9
qrmIvK7!Q(X8Um%Q1zCQKE8EKeMkBGjVG&o,1949,[Japanese;Polish;Chinese - S;Hindi],4.9
x*LPVmIuIVBfCR5bL76v,2014,[Arabic;Chinese - S;Dutch;Japanese;Welsh],5.7
4ObInQDR0eZhyKV2I$sCtc#9,2017,[German],3.1
^GBh8SjNJSE)VkV(BrSUxLO7wZAXei,2017,[Turkish;Dutch],8.9
qDFm$K6539ix0N%tHikFF2E)t^nrirjcymRAja,1995,[Chinese - T;Welsh;Japanese;German],8.8
fTMVFpMbcUIV,1965,[Korean;Hindi;Russian;Chinese - S;Swahili],4.6
4Pa1kgDRzYMv2^YLcQ781UjDF$VQG0,1982,[Turkish;Russian;Polish],9.7
CBzZ7kyoq$u)Md4KlYf!Zv2^8GlqpUPy7@jNr7nLuqRIWo9mg6,1929,[Spanish;Polish;Korean;Hindi],9.4
y,1932,[Turkish;Spanish],1.9
zFYd9W1sl3WAJ^WI6d0hrlfNh!C24CquyevjH,2007,[Looooooooooooooooong;French;English],9.7
aD#rxAM)CBD5Frg#eGqUiPINkNO3$zK4nOVZ29vo5aVU#07F,2006,[Swahili;Polish;Korean],4.8
2uu&sSasQpGkP(XI7eZCe6qiN#NZt,1907,[Looooooooooooooooong;English;Polish;Chinese - T;Welsh],8.3
aHYwl&cs6(Aw!Hd,1937,[German],10
7rLI,1976,[French;Welsh],2.9
@)qzfB19wyBpw,1983,[Swahili],10
ErtfAPSsRGHn9ljYo8HwMhzK@wfuCp#Q4L7IRNFbVxjF,1995,[Swahili;Arabic;Polish;German;Chinese - T],3.1
8G#YTMs%HgOquNl0zRX172JYR8zX2!9wYXYGrhMz,1977,[Chinese - T;Russian;German;Looooooooooooooooong],1.8
@b5kmer%Fw*KZuV*^knz)pn%o&pB*MQ!c,1982,[Polish],5.7
*xQYrFO%!jj5NQ18v@^*cQ!i)HiXycYVf3bPbtK4Ea)BTu,2013,[Korean;Welsh;Looooooooooooooooong;French;Turkish],2.5
#BX26,1924,[French;Japanese;Chinese - S;Hindi],1.1
&NOFKs#xB4b,1991,[Korean],3.5
v6KnMSCHRNtnIp!dSs#7bLMc2*nPar^!1W&J42ark9*#D,1965,[Russian;Dutch;French;Arabic],4.8
dfEPBVhbh1YiqSylxi(@buHNzhQvvtXgjBu^*x1Td4SsiMqd,1962,[Arabic;Spanish],8.6
C@fbOiAv4$ae,1975,[Russian],9
#kLGsW#FGdu6Jopi8,2018,[Arabic],1.8
DGtR9P4M*,1943,[Spanish;French;Polish;Czech;Hindi],4.3
sA,1969,[Polish],5.2
Xr0,2021,[German;Arabic;Swahili;Russian;Czech],7.6
Z5F^&DVFUzVsZ9LxuQkCDH1lTO(rr,1926,[Swahili],6.3
e)4rkfarfksFivYqjUrF#bzSoUcDHg2vuH13YV,1977,[Dutch;Korean;Polish;Hindi],8.5
GA@s$jEj&R!QRt7n,1934,[Swahili;Turkish;Hindi],10
m#Jyv7$&ghAd^NLjSSOrnW$NO3RTCGj5kT7t$0TSwnXvxkv(3,2017,[French],10
nln*RSvtnF5KqqR9MGuR^#FdCOXJHQD&6H)DP04unP9E6k,1945,[Dutch;Looooooooooooooooong],5.1
qF2RBJ3QIkdlM)(pf3$LF7(m93jH6fgm,1907,[Chinese - T;Spanish;Looooooooooooooooong],4.7
W(tr$pY,2019,[Arabic;Czech],10
Qic11N!9RQ!Q,2002,[Dutch;Arabic],8.7
jVOB&C^NSlxKMdi7smJR9bxg,2017,[Korean;Russian],7.9
phcHz1YHrYM4Sik5OdDPdpMo*5JSy^EqHk*NSV5,2004,[German;Japanese],4.5
&5XpoONQOLlzFx@,1956,[Japanese;Korean;Arabic;French],5.1
OgSPrOhC4Xqoh49oNRvscBwXWOhOAOjyJFryAFw0C%U,1984,[Korean],6.6
ftfvfSM(efiu)(ztYXw&NFblULqK1ydvQqooX7(do$,1905,[Chinese - T;German;Hindi],4.7
bDF,1919,[English;Arabic;Turkish;Welsh;Looooooooooooooooong],4.6
x1iPJV7&^^Jst5ozu*a*o*)Ih7O8iKnQZ79t#,1991,[Chinese - T],9.4
cbRARXh8s^x3)w,1914,[Arabic;Turkish;Japanese;English],2.6
bELqRo3kA*bsFWson,1968,[Chinese - S;Czech;French;Spanish],4.4
@,1911,[Arabic;Japanese;French],10
f,2018,[Turkish;Polish;Swahili],4.2
ELsJ$qcxjn,1910,[French],5.9
6Tx)ODvOasWUni3MXh!rJfhp*E,2005,[Spanish;German;Hindi;French],3.1
*4,1905,[French;Turkish;Arabic],7.3
g%NI6&a2qoyQ*,1929,[Korean;German;Chinese - T;Czech;Japanese],3.5
3eIk6&KmVG,1991,[Dutch;Turkish;Hindi;Arabic;Japanese],9.5
oRpooLdU6i4OfZ8Z5crc8JnF,1929,[Arabic;Swahili;Polish;Dutch;Japanese],10
CBjgxap@FG0KL2tUh2*N4XJ,2001,[German],2.3
cODu&zGs1^aX,1902,[French;Dutch;Chinese - S],9.5
BEU5lVr@SQoU4yuodoeEN(%tkZ9gFiXA5Yr,1974,[Dutch;Polish;Swahili;Chinese - S;Spanish],3.2
Mz2sDVPyie7cOR#fmH3evlW,2000,[Hindi;Arabic;Chinese - S;Korean;Chinese - T],7
104dAKePtv3KXWsxjQneoP(cLB4oNiKw4m!d*7MbRK&gnugrK,2011,[Hindi;Czech;French],4.2
xN9s2vJHmQ8PfTY#TFGCPQOq33UXxIs,1999,[Chinese - T;Japanese;German;English;Arabic],6.8
nwIk)Rgd@WNGN4DOOBXtHr%V^nybc6grvJbQaa^7rp@lDTCLjb,1994,[Chinese - S],5.5
y$KFY6u4%ibv9%rP,2017,[Hindi;English],7.2
cJwJMXvMsY%CMX7Oli$*aY8A54Miut^plDECj,1909,[Welsh;Spanish;Swahili;Arabic],1.4
Xb6!k,1988,[Korean],7.6
F,1927,[Turkish;Looooooooooooooooong;Swahili],9.9
TG34lW&$wKwGN0nol0uZDUBcfcx1@xonLbU7cLFv,1930,[Turkish;French],5.8
&)2#hdd8lC6TOB7H9JdArSkk,1947,[Spanish],10
GXKIrA6dxMCTcCpy4^LI!&I)kOhGZu%HUhifAeq,1903,[Welsh;Dutch],7.5
IFQr,1900,[Korean;Spanish],9.3
%m%*U89If0nSlKPUt#Ko3IkzVzw1^X79)np,1921,[Welsh;Dutch;Japanese;Turkish],8.2
EJ,2009,[Welsh;Dutch;English;Looooooooooooooooong;French],8.2
5vLJTuGP$mRyQTWZja$,1915,[Welsh;Czech;Spanish;German;Russian],10
OteF3n,1929,[Swahili],2.9
HbQkDGLks9SbQ,1996,[German;Chinese - T;Polish],9
Ls3!z3$kqr,1976,[Welsh;French],8.3
QMq72NhI6Vhrr,2001,[Korean],2.4
YcO)e1(eIwOOF!3)l(A^FLY(BVxK,1904,[Japanese;Czech],8.7
i6sK2!WjeEhABZ&ZOKRBJ!NOhMqhL2l23TC4ebkFyLJaY,1964,[Chinese - S;Japanese],10
NwH@3ppY(4m^t%,1949,[Welsh;Chinese - T;Polish;Chinese - S;Looooooooooooooooong],3.6
UsxM0QFm$$eLN6DDB4)M4ieCpZ&d0Umi,2017,[Welsh;Korean;Chinese - T;Spanish],3
p(6^3)QL*Xo&g(u)8e9%Ya#sfeN6LWa@,1988,[Dutch],9.7
1Pe7ddqNRGEtuJ38lWDMh)0YbBp,1984,[French;Turkish;Hindi;Swahili],5.4
@b(h@q^vO$RBUM2Q(4fTG%Ujwb0fQ(Pf4W!B!uNV,2002,[Chinese - S;English],9.7
